character	episode	words	profanities
1	1	22.98	36.59
2	1	27.13	34.44
3	1	13.67	41.0
4	1	1.03	30.3
5	1	0.0	0
6	1	9.78	12.74
7	1	0.0	0
8	1	2.96	42.11
9	1	2.71	0
10	1	0.0	0
11	1	0.0	0
1	2	15.57	16.67
2	2	6.1	37.23
3	2	6.49	5.0
4	2	0.45	71.43
5	2	0.0	0
6	2	7.62	17.02
7	2	0.0	0
8	2	9.5	0
9	2	18.62	3.48
10	2	0.32	0
11	2	0.0	0
1	3	14.22	27.57
2	3	6.17	11.56
3	3	9.48	30.08
4	3	1.03	68.97
5	3	0.0	0
6	3	3.46	20.62
7	3	4.67	0
8	3	0.0	0
9	3	0.53	0
10	3	0.0	0
11	3	0.0	0
1	4	7.28	74.07
2	4	5.09	29.41
3	4	18.37	39.15
4	4	0.6	100.0
5	4	0.0	0
6	4	9.68	15.48
7	4	0.0	0
8	4	0.0	0
9	4	8.06	22.3
10	4	0.75	0
11	4	0.0	0
1	5	13.93	43.1
2	5	17.45	17.21
3	5	15.44	11.67
4	5	1.35	0
5	5	0.0	0
6	5	9.82	3.06
7	5	0.66	0
8	5	0.0	0
9	5	8.2	3.66
10	5	0.12	0
11	5	0.0	0
1	6	8.15	38.31
2	6	7.62	12.3
3	6	17.76	7.03
4	6	2.15	0
5	6	0.0	0
6	6	1.31	0
7	6	2.53	12.35
8	6	0.0	0
9	6	7.96	7.84
10	6	0.59	0
11	6	0.0	0
1	7	19.75	18.64
2	7	11.75	11.4
3	7	15.13	6.64
4	7	0.13	250.0
5	7	0.0	0
6	7	12.72	23.68
7	7	0.0	0
8	7	4.08	0
9	7	6.53	0
10	7	0.23	0
11	7	0.0	0
1	8	20.05	8.74
2	8	8.06	4.35
3	8	9.67	14.49
4	8	0.35	0
5	8	0.0	0
6	8	7.54	9.3
7	8	0.0	0
8	8	1.23	0
9	8	9.36	3.75
10	8	0.14	0
11	8	0.0	0
1	9	12.25	108.99
2	9	19.46	34.31
3	9	9.98	16.72
4	9	0.77	43.48
5	9	0.0	0
6	9	2.84	11.76
7	9	0.0	0
8	9	0.83	0
9	9	10.68	6.25
10	9	0.0	0
11	9	0.0	0
1	10	20.07	14.95
2	10	7.17	16.74
3	10	12.9	13.95
4	10	0.33	90.91
5	10	0.0	0
6	10	6.12	9.8
7	10	0.0	0
8	10	0.0	0
9	10	5.7	10.53
10	10	0.27	0
11	10	0.0	0
1	11	9.64	21.13
2	11	5.67	11.98
3	11	9.24	7.35
4	11	1.36	75.0
5	11	0.0	0
6	11	7.67	4.42
7	11	0.0	0
8	11	16.16	10.5
9	11	10.36	13.11
10	11	0.17	0
11	11	0.0	0
1	12	18.32	26.79
2	12	10.54	21.74
3	12	7.89	4.15
4	12	0.82	0
5	12	0.0	0
6	12	12.37	10.58
7	12	0.0	0
8	12	0.0	0
9	12	0.39	0
10	12	0.0	0
11	12	0.0	0
1	13	20.46	8.06
2	13	6.7	14.78
3	13	11.98	22.04
4	13	1.68	39.22
5	13	0.0	0
6	13	9.44	6.99
7	13	0.3	0
8	13	0.0	0
9	13	4.49	36.76
10	13	0.79	125.0
11	13	0.0	0
1	14	0.09	0
2	14	0.0	0
3	14	0.0	0
4	14	0.0	0
5	14	0.0	0
6	14	0.0	0
7	14	0.0	0
8	14	0.0	0
9	14	0.0	0
10	14	0.0	0
11	14	0.0	0
1	15	11.92	9.07
2	15	3.16	17.09
3	15	2.95	0
4	15	1.13	47.62
5	15	0.0	0
6	15	4.86	0
7	15	0.0	0
8	15	0.0	0
9	15	0.89	0
10	15	0.0	0
11	15	0.0	0
1	16	12.34	10.67
2	16	5.53	17.86
3	16	7.17	9.17
4	16	0.82	160.0
5	16	0.0	0
6	16	0.0	0
7	16	2.07	0
8	16	0.0	0
9	16	0.56	0
10	16	0.0	0
11	16	0.0	0
1	17	6.49	17.7
2	17	18.85	9.15
3	17	7.3	11.81
4	17	0.32	90.91
5	17	0.0	0
6	17	4.88	5.88
7	17	0.0	0
8	17	0.0	0
9	17	1.58	0
10	17	0.0	0
11	17	0.0	0
1	18	4.84	18.07
2	18	6.85	12.77
3	18	6.0	14.56
4	18	0.03	0
5	18	0.0	0
6	18	18.12	12.86
7	18	0.17	166.67
8	18	0.0	0
9	18	0.0	0
10	18	0.32	0
11	18	0.0	0
1	19	4.44	29.24
2	19	5.09	15.31
3	19	11.45	4.54
4	19	0.47	0
5	19	0.0	0
6	19	0.0	0
7	19	0.0	0
8	19	0.0	0
9	19	4.62	11.24
10	19	0.29	0
11	19	0.0	0
1	20	12.86	27.99
2	20	14.43	38.55
3	20	17.08	9.58
4	20	2.72	12.05
5	20	0.0	0
6	20	0.0	0
7	20	1.51	0
8	20	0.29	0
9	20	0.92	35.71
10	20	0.2	0
11	20	0.0	0
1	21	9.17	30.72
2	21	7.51	25.0
3	21	8.42	26.02
4	21	0.47	0
5	21	0.0	0
6	21	2.94	0
7	21	0.0	0
8	21	0.0	0
9	21	11.21	33.52
10	21	0.0	0
11	21	0.0	0
1	22	10.81	24.79
2	22	16.14	14.76
3	22	6.82	13.1
4	22	0.98	60.61
5	22	0.0	0
6	22	8.66	27.49
7	22	0.0	0
8	22	3.33	8.93
9	22	3.36	17.7
10	22	0.0	0
11	22	0.0	0
1	23	8.89	20.71
2	23	15.05	8.74
3	23	8.39	9.4
4	23	0.79	0
5	23	0.0	0
6	23	2.55	20.62
7	23	2.61	0
8	23	0.0	0
9	23	2.08	0
10	23	0.0	0
11	23	0.0	0
1	24	15.98	19.61
2	24	6.35	31.39
3	24	7.92	0
4	24	0.8	35.71
5	24	0.06	0
6	24	0.28	0
7	24	0.0	0
8	24	0.0	0
9	24	12.31	0
10	24	0.31	0
11	24	0.0	0
1	25	12.54	16.1
2	25	6.51	11.63
3	25	20.13	10.03
4	25	1.24	61.22
5	25	0.08	0
6	25	2.27	0
7	25	9.28	5.43
8	25	4.34	0
9	25	4.69	5.38
10	25	0.03	1000.0
11	25	0.0	0
1	26	13.87	20.0
2	26	21.21	23.26
3	26	10.42	17.75
4	26	1.7	18.18
5	26	0.0	0
6	26	0.0	0
7	26	0.0	0
8	26	0.0	0
9	26	0.62	50.0
10	26	0.0	0
11	26	0.0	0
1	27	8.06	26.32
2	27	7.1	7.46
3	27	7.58	3.5
4	27	0.19	0
5	27	0.0	0
6	27	20.08	6.6
7	27	0.0	0
8	27	0.0	0
9	27	12.14	8.73
10	27	0.0	0
11	27	0.0	0
1	28	18.6	14.8
2	28	10.86	8.45
3	28	18.36	5.0
4	28	0.49	0
5	28	0.0	0
6	28	3.27	0
7	28	4.22	0
8	28	0.0	0
9	28	0.0	0
10	28	0.0	0
11	28	0.0	0
1	29	14.1	31.08
2	29	8.09	3.18
3	29	8.4	9.2
4	29	0.21	0
5	29	0.0	0
6	29	0.0	0
7	29	0.85	0
8	29	0.0	0
9	29	0.0	0
10	29	0.0	0
11	29	0.0	0
1	30	5.58	46.95
2	30	9.3	14.08
3	30	8.78	2.99
4	30	0.55	47.62
5	30	0.0	0
6	30	0.0	0
7	30	0.0	0
8	30	0.0	0
9	30	11.19	9.37
10	30	0.0	0
11	30	0.0	0
1	31	10.55	26.25
2	31	12.4	33.48
3	31	16.45	25.25
4	31	0.58	47.62
5	31	0.0	0
6	31	0.0	0
7	31	0.0	0
8	31	0.0	0
9	31	0.0	0
10	31	0.0	0
11	31	0.0	0
1	32	11.99	20.55
2	32	3.83	35.71
3	32	3.78	7.25
4	32	1.83	29.85
5	32	0.0	0
6	32	0.0	0
7	32	0.0	0
8	32	0.0	0
9	32	2.38	0
10	32	0.0	0
11	32	0.25	0
1	33	12.15	15.42
2	33	12.31	17.39
3	33	14.93	3.58
4	33	0.7	0
5	33	0.0	0
6	33	1.39	0
7	33	16.4	14.68
8	33	0.0	0
9	33	0.37	0
10	33	0.0	0
11	33	0.0	0
1	34	15.12	26.0
2	34	10.19	15.42
3	34	12.29	14.93
4	34	2.46	10.64
5	34	0.0	0
6	34	14.38	3.64
7	34	0.0	0
8	34	0.0	0
9	34	4.64	0
10	34	0.0	0
11	34	0.0	0
1	35	18.02	18.68
2	35	8.93	17.12
3	35	12.02	5.09
4	35	1.62	18.87
5	35	0.0	0
6	35	0.0	0
7	35	0.0	0
8	35	1.04	0
9	35	0.0	0
10	35	2.6	0
11	35	3.67	33.33
1	36	20.1	4.44
2	36	5.47	16.3
3	36	5.0	11.9
4	36	0.39	0
5	36	0.0	0
6	36	0.45	0
7	36	0.68	0
8	36	0.0	0
9	36	4.22	21.13
10	36	0.0	0
11	36	0.0	0
1	37	8.63	22.88
2	37	4.48	6.29
3	37	8.63	49.02
4	37	0.28	100.0
5	37	0.0	0
6	37	1.97	14.29
7	37	0.0	0
8	37	0.0	0
9	37	9.05	24.92
10	37	0.79	0
11	37	0.56	0
1	38	41.34	16.42
2	38	0.0	0
3	38	0.0	0
4	38	0.0	0
5	38	0.0	0
6	38	0.0	0
7	38	0.0	0
8	38	0.0	0
9	38	0.0	0
10	38	0.61	0
11	38	0.0	0
1	39	0.0	0
2	39	0.68	0
3	39	12.3	0
4	39	0.0	0
5	39	18.52	0
6	39	0.0	0
7	39	16.49	16.15
8	39	0.0	0
9	39	0.75	32.26
10	39	0.0	0
11	39	0.0	0
1	40	0.0	0
2	40	12.93	18.82
3	40	0.0	0
4	40	5.25	26.49
5	40	0.0	0
6	40	0.0	0
7	40	0.0	0
8	40	0.0	0
9	40	0.0	0
10	40	0.0	0
11	40	0.0	0
1	41	14.9	21.96
2	41	8.6	20.76
3	41	9.04	19.74
4	41	0.45	66.67
5	41	0.0	0
6	41	0.0	0
7	41	4.22	0
8	41	0.15	200.0
9	41	2.86	20.83
10	41	0.0	0
11	41	0.0	0
1	42	13.07	13.05
2	42	11.84	8.65
3	42	7.65	4.46
4	42	0.99	0
5	42	0.0	0
6	42	0.0	0
7	42	0.0	0
8	42	0.0	0
9	42	1.47	69.77
10	42	0.0	0
11	42	0.0	0
1	43	15.25	9.11
2	43	7.78	17.86
3	43	13.86	2.0
4	43	1.86	29.85
5	43	0.0	0
6	43	1.33	0
7	43	0.44	0
8	43	0.0	0
9	43	0.92	0
10	43	0.0	0
11	43	0.0	0
1	44	10.99	18.62
2	44	9.7	3.01
3	44	7.86	22.3
4	44	0.58	100.0
5	44	3.3	17.7
6	44	0.0	0
7	44	1.81	0
8	44	0.0	0
9	44	3.54	16.53
10	44	0.0	0
11	44	2.86	10.2
1	45	24.97	13.78
2	45	9.75	5.88
3	45	10.55	16.3
4	45	0.14	200.0
5	45	2.06	13.89
6	45	0.0	0
7	45	4.27	13.42
8	45	0.0	0
9	45	2.21	51.95
10	45	0.0	0
11	45	0.0	0
1	46	8.21	80.17
2	46	9.43	0
3	46	3.47	0
4	46	0.03	0
5	46	0.0	0
6	46	0.0	0
7	46	0.0	0
8	46	0.0	0
9	46	10.36	36.79
10	46	0.0	0
11	46	0.0	0
1	47	14.82	12.89
2	47	7.67	7.12
3	47	17.05	12.8
4	47	2.48	43.96
5	47	0.0	0
6	47	4.86	0
7	47	0.46	0
8	47	0.0	0
9	47	1.58	51.72
10	47	0.0	0
11	47	0.0	0
1	48	9.43	11.83
2	48	5.47	20.41
3	48	9.15	12.2
4	48	0.53	52.63
5	48	0.0	0
6	48	0.0	0
7	48	0.0	0
8	48	0.0	0
9	48	19.54	7.14
10	48	0.0	0
11	48	0.0	0
1	49	20.35	25.17
2	49	11.44	24.88
3	49	16.33	17.42
4	49	0.91	31.25
5	49	2.45	23.26
6	49	0.0	0
7	49	0.0	0
8	49	0.0	0
9	49	0.0	0
10	49	1.91	74.63
11	49	0.0	0
1	50	23.31	22.51
2	50	9.99	2.5
3	50	11.12	8.99
4	50	1.25	40.0
5	50	2.45	10.2
6	50	3.07	8.13
7	50	0.0	0
8	50	0.0	0
9	50	0.0	0
10	50	0.0	0
11	50	0.0	0
1	51	6.77	29.7
2	51	4.73	7.09
3	51	10.66	15.72
4	51	3.49	9.62
5	51	0.0	0
6	51	0.0	0
7	51	4.86	0
8	51	0.0	0
9	51	0.0	0
10	51	0.0	0
11	51	0.0	0
1	52	5.6	0
2	52	5.02	5.71
3	52	7.66	11.24
4	52	0.32	0
5	52	0.0	0
6	52	11.79	19.46
7	52	0.6	0
8	52	0.03	0
9	52	7.52	26.72
10	52	0.0	0
11	52	0.0	0
1	53	0.0	0
2	53	0.0	0
3	53	0.0	0
4	53	0.0	0
5	53	0.0	0
6	53	0.0	0
7	53	0.0	0
8	53	0.0	0
9	53	0.0	0
10	53	0.0	0
11	53	0.0	0
1	54	28.18	7.19
2	54	4.77	18.18
3	54	4.86	17.86
4	54	1.82	0
5	54	2.26	12.82
6	54	0.0	0
7	54	0.0	0
8	54	0.0	0
9	54	2.29	37.97
10	54	0.0	0
11	54	0.0	0
1	55	11.65	13.99
2	55	0.68	0
3	55	19.45	6.98
4	55	1.6	33.9
5	55	3.04	8.93
6	55	0.0	0
7	55	0.0	0
8	55	0.19	0
9	55	14.78	20.22
10	55	0.0	0
11	55	0.0	0
1	56	9.02	20.35
2	56	5.61	0
3	56	3.28	0
4	56	0.55	47.62
5	56	0.03	0
6	56	15.5	10.15
7	56	0.66	0
8	56	12.64	0
9	56	3.41	15.38
10	56	0.03	0
11	56	0.08	0
1	57	33.42	11.49
2	57	4.5	22.73
3	57	8.67	0
4	57	0.97	52.63
5	57	2.35	0
6	57	3.68	0
7	57	17.45	0
8	57	3.63	14.08
9	57	0.0	0
10	57	0.0	0
11	57	0.0	0
1	58	16.17	9.35
2	58	3.15	8.0
3	58	12.12	12.47
4	58	0.68	111.11
5	58	2.27	0
6	58	0.0	0
7	58	0.6	0
8	58	0.0	0
9	58	0.0	0
10	58	0.6	0
11	58	0.0	0
1	59	28.51	9.6
2	59	2.49	32.97
3	59	3.01	0
4	59	0.57	0
5	59	0.52	0
6	59	0.0	0
7	59	0.0	0
8	59	0.0	0
9	59	0.0	0
10	59	0.0	0
11	59	0.0	0
1	60	11.42	14.63
2	60	7.91	7.04
3	60	11.67	11.93
4	60	0.45	125.0
5	60	3.29	0
6	60	2.09	53.33
7	60	0.0	0
8	60	0.33	0
9	60	8.1	24.05
10	60	0.33	0
11	60	0.0	0
1	61	19.51	10.37
2	61	7.63	45.45
3	61	9.65	20.96
4	61	0.06	0
5	61	0.0	0
6	61	0.0	0
7	61	0.0	0
8	61	0.0	0
9	61	25.84	3.36
10	61	0.0	0
11	61	0.0	0
1	62	28.27	15.02
2	62	9.02	7.84
3	62	2.76	0
4	62	0.0	0
5	62	3.01	0
6	62	0.0	0
7	62	0.64	0
8	62	3.79	0
9	62	1.77	0
10	62	2.51	0
11	62	0.0	0
1	63	13.47	27.14
2	63	7.42	11.36
3	63	5.74	0
4	63	0.82	0
5	63	0.79	0
6	63	6.66	0
7	63	0.0	0
8	63	0.17	0
9	63	0.76	0
10	63	0.08	0
11	63	0.0	0
1	64	14.62	8.1
2	64	13.44	0
3	64	12.43	0
4	64	0.15	0
5	64	3.94	0
6	64	0.0	0
7	64	0.38	0
8	64	0.0	0
9	64	0.0	0
10	64	0.0	0
11	64	2.13	0
1	65	7.47	47.81
2	65	21.77	4.1
3	65	12.88	20.79
4	65	0.12	0
5	65	3.96	37.59
6	65	0.0	0
7	65	0.42	0
8	65	0.0	0
9	65	0.0	0
10	65	0.0	0
11	65	0.0	0
1	66	11.88	45.35
2	66	14.6	31.37
3	66	6.38	42.19
4	66	0.24	0
5	66	1.4	57.69
6	66	8.46	31.85
7	66	1.67	16.13
8	66	0.0	0
9	66	7.3	180.81
10	66	0.0	0
11	66	0.0	0
1	67	3.68	88.5
2	67	0.0	0
3	67	11.57	25.35
4	67	0.16	0
5	67	2.51	0
6	67	0.0	0
7	67	5.64	23.12
8	67	0.0	0
9	67	0.0	0
10	67	0.0	0
11	67	0.0	0
1	68	11.79	7.33
2	68	14.45	9.98
3	68	14.07	6.15
4	68	0.0	0
5	68	2.22	0
6	68	0.0	0
7	68	0.0	0
8	68	0.0	0
9	68	0.0	0
10	68	0.0	0
11	68	0.0	0
1	69	54.88	7.45
2	69	5.8	4.69
3	69	2.97	18.35
4	69	0.14	0
5	69	0.16	0
6	69	0.6	0
7	69	0.0	0
8	69	0.0	0
9	69	0.0	0
10	69	0.08	0
11	69	0.0	0
1	70	3.4	14.93
2	70	10.01	7.61
3	70	7.87	6.45
4	70	0.28	0
5	70	0.25	0
6	70	0.0	0
7	70	0.0	0
8	70	0.0	0
9	70	0.18	0
10	70	0.56	0
11	70	0.0	0
1	71	36.17	14.87
2	71	15.08	7.13
3	71	9.06	23.74
4	71	0.75	0
5	71	0.99	0
6	71	0.0	0
7	71	0.0	0
8	71	0.0	0
9	71	0.59	0
10	71	0.32	0
11	71	0.0	0
1	72	7.96	13.89
2	72	4.34	12.74
3	72	8.1	30.72
4	72	0.41	0
5	72	5.23	5.29
6	72	6.03	41.28
7	72	2.02	27.4
8	72	1.82	60.61
9	72	6.41	38.79
10	72	0.41	0
11	72	0.0	0
1	73	9.82	9.12
2	73	14.38	6.22
3	73	18.11	8.24
4	73	0.42	71.43
5	73	0.0	0
6	73	0.0	0
7	73	0.03	0
8	73	0.0	0
9	73	0.69	0
10	73	0.0	0
11	73	0.0	0
1	74	17.15	26.2
2	74	11.57	16.18
3	74	21.68	3.45
4	74	0.56	266.67
5	74	1.68	0
6	74	0.0	0
7	74	1.72	0
8	74	1.27	0
9	74	0.0	0
10	74	0.0	0
11	74	0.0	0
1	75	22.07	5.35
2	75	7.33	16.13
3	75	4.43	6.67
4	75	0.18	166.67
5	75	5.55	5.32
6	75	0.0	0
7	75	0.0	0
8	75	0.0	0
9	75	0.41	0
10	75	0.53	111.11
11	75	0.24	125.0
1	76	6.88	33.96
2	76	21.35	3.65
3	76	1.66	46.88
4	76	0.0	0
5	76	0.0	0
6	76	0.0	0
7	76	2.08	12.5
8	76	0.0	0
9	76	17.36	14.95
10	76	0.0	0
11	76	0.0	0
1	77	7.08	29.05
2	77	3.55	41.32
3	77	4.26	20.69
4	77	0.03	0
5	77	1.79	0
6	77	1.17	0
7	77	0.38	0
8	77	0.0	0
9	77	8.98	3.27
10	77	0.03	0
11	77	0.35	83.33
1	78	38.3	11.99
2	78	13.01	9.41
3	78	9.12	0
4	78	1.81	33.9
5	78	3.83	40.0
6	78	5.7	0
7	78	0.83	0
8	78	0.0	0
9	78	0.98	0
10	78	0.0	0
11	78	0.0	0
1	79	0.11	0
2	79	0.0	0
3	79	0.52	52.63
4	79	0.0	0
5	79	34.5	2.36
6	79	0.0	0
7	79	0.0	0
8	79	0.0	0
9	79	0.24	0
10	79	0.0	0
11	79	0.0	0
1	80	20.39	21.85
2	80	10.14	20.67
3	80	9.56	8.22
4	80	0.0	0
5	80	11.29	13.92
6	80	2.15	12.2
7	80	0.79	0
8	80	0.0	0
9	80	0.0	0
10	80	0.0	0
11	80	0.0	0
1	81	4.44	6.94
2	81	3.79	8.13
3	81	8.66	7.12
4	81	0.0	0
5	81	4.1	0
6	81	0.0	0
7	81	6.97	4.42
8	81	0.0	0
9	81	0.0	0
10	81	0.0	0
11	81	0.0	0
1	82	16.93	18.6
2	82	3.6	29.2
3	82	5.33	9.85
4	82	0.0	0
5	82	15.8	8.31
6	82	0.0	0
7	82	0.0	0
8	82	0.0	0
9	82	0.0	0
10	82	0.0	0
11	82	0.0	0
1	83	17.83	20.06
2	83	8.56	14.93
3	83	17.53	8.75
4	83	0.0	0
5	83	6.92	7.38
6	83	0.0	0
7	83	1.15	0
8	83	0.0	0
9	83	0.0	0
10	83	0.0	0
11	83	0.0	0
1	84	12.58	20.41
2	84	10.72	23.95
3	84	13.92	2.3
4	84	0.0	0
5	84	5.9	10.87
6	84	6.71	4.78
7	84	0.0	0
8	84	0.0	0
9	84	0.0	0
10	84	0.0	0
11	84	0.0	0
1	85	23.59	6.93
2	85	7.59	4.31
3	85	5.43	0
4	85	0.0	0
5	85	35.34	3.7
6	85	0.0	0
7	85	0.0	0
8	85	0.0	0
9	85	0.0	0
10	85	0.92	0
11	85	0.23	0
1	86	34.57	10.8
2	86	5.23	0
3	86	8.61	0
4	86	0.0	0
5	86	20.47	2.81
6	86	7.32	0
7	86	0.0	0
8	86	0.0	0
9	86	1.44	0
10	86	0.0	0
11	86	0.0	0
1	87	10.93	47.35
2	87	6.27	58.25
3	87	3.84	55.56
4	87	0.0	0
5	87	0.18	0
6	87	0.12	0
7	87	8.13	3.75
8	87	0.0	0
9	87	0.0	0
10	87	0.0	0
11	87	0.12	0
1	88	14.52	22.31
2	88	10.16	2.9
3	88	17.79	6.62
4	88	0.0	0
5	88	0.0	0
6	88	0.0	0
7	88	0.0	0
8	88	0.0	0
9	88	0.0	0
10	88	0.0	0
11	88	0.0	0
1	89	16.21	18.45
2	89	5.03	17.86
3	89	8.53	7.02
4	89	0.0	0
5	89	1.97	0
6	89	0.0	0
7	89	4.16	71.94
8	89	5.41	44.2
9	89	0.0	0
10	89	4.67	12.82
11	89	2.0	0
1	90	1.09	31.25
2	90	1.46	0
3	90	3.77	18.02
4	90	0.0	0
5	90	0.17	0
6	90	0.0	0
7	90	10.91	3.12
8	90	0.0	0
9	90	0.0	0
10	90	0.0	0
11	90	0.0	0
1	91	21.23	26.65
2	91	9.56	18.69
3	91	11.37	2.62
4	91	0.65	90.91
5	91	0.0	0
6	91	0.0	0
7	91	7.14	0
8	91	0.0	0
9	91	0.21	142.86
10	91	0.0	0
11	91	0.0	0
1	92	12.3	31.86
2	92	9.05	10.0
3	92	11.01	5.48
4	92	0.0	0
5	92	6.85	0
6	92	0.0	0
7	92	15.56	31.01
8	92	0.0	0
9	92	0.0	0
10	92	7.42	8.13
11	92	1.36	0
1	93	3.3	27.27
2	93	2.88	62.5
3	93	3.75	32.0
4	93	0.0	0
5	93	0.9	0
6	93	4.17	50.36
7	93	4.77	12.58
8	93	0.0	0
9	93	25.1	19.12
10	93	0.0	0
11	93	0.0	0
1	94	2.87	46.3
2	94	4.75	22.35
3	94	27.89	17.13
4	94	0.0	0
5	94	0.0	0
6	94	8.52	6.23
7	94	0.0	0
8	94	0.0	0
9	94	0.0	0
10	94	0.0	0
11	94	0.0	0
1	95	21.47	17.47
2	95	1.76	13.33
3	95	25.4	11.07
4	95	0.0	0
5	95	12.89	9.09
6	95	0.0	0
7	95	7.69	0
8	95	0.0	0
9	95	0.0	0
10	95	0.73	0
11	95	0.45	0
1	96	21.66	15.54
2	96	7.67	9.76
3	96	5.61	13.33
4	96	0.49	0
5	96	0.0	0
6	96	0.0	0
7	96	0.19	0
8	96	0.0	0
9	96	0.07	0
10	96	0.0	0
11	96	0.0	0
1	97	14.71	25.48
2	97	11.25	27.78
3	97	13.46	6.96
4	97	0.66	0
5	97	0.0	0
6	97	12.03	25.97
7	97	0.0	0
8	97	0.0	0
9	97	0.0	0
10	97	0.0	0
11	97	0.0	0
1	98	1.45	21.74
2	98	1.45	0
3	98	2.01	0
4	98	0.0	0
5	98	2.2	14.29
6	98	0.0	0
7	98	0.13	0
8	98	0.0	0
9	98	0.09	0
10	98	0.0	0
11	98	0.0	0
1	99	29.69	6.65
2	99	13.1	4.31
3	99	7.11	7.94
4	99	0.56	100.0
5	99	5.48	5.15
6	99	0.0	0
7	99	0.0	0
8	99	0.0	0
9	99	0.65	0
10	99	0.37	0
11	99	0.0	0
1	100	22.36	9.56
2	100	5.35	40.0
3	100	5.89	5.18
4	100	0.27	0
5	100	0.15	0
6	100	0.0	0
7	100	8.98	6.8
8	100	0.0	0
9	100	5.1	0
10	100	0.0	0
11	100	0.0	0
1	101	31.33	8.46
2	101	12.28	21.58
3	101	3.93	0
4	101	0.18	0
5	101	1.06	0
6	101	0.0	0
7	101	0.0	0
8	101	0.0	0
9	101	2.25	0
10	101	0.0	0
11	101	0.0	0
1	102	19.12	14.11
2	102	9.44	6.35
3	102	18.08	6.63
4	102	1.23	0
5	102	3.78	7.94
6	102	0.0	0
7	102	0.0	0
8	102	0.0	0
9	102	2.73	0
10	102	0.0	0
11	102	0.0	0
1	103	3.5	28.04
2	103	3.63	0
3	103	13.34	2.45
4	103	0.03	0
5	103	1.93	0
6	103	0.72	0
7	103	15.93	2.05
8	103	0.0	0
9	103	1.73	18.87
10	103	0.0	0
11	103	0.0	0
1	104	8.84	30.93
2	104	7.6	32.0
3	104	7.87	19.31
4	104	0.43	0
5	104	0.18	0
6	104	5.5	16.57
7	104	4.62	19.74
8	104	0.0	0
9	104	16.29	29.85
10	104	0.33	0
11	104	2.61	81.4
1	105	35.37	12.98
2	105	18.76	13.76
3	105	7.0	0
4	105	0.43	0
5	105	2.12	13.51
6	105	0.0	0
7	105	1.09	0
8	105	0.0	0
9	105	0.0	0
10	105	0.0	0
11	105	0.0	0
1	106	12.44	10.93
2	106	3.36	20.2
3	106	9.04	0
4	106	0.27	0
5	106	0.0	0
6	106	0.0	0
7	106	15.77	4.31
8	106	0.0	0
9	106	2.24	0
10	106	0.0	0
11	106	0.0	0
1	107	55.15	8.67
2	107	12.85	48.84
3	107	2.0	0
4	107	0.09	0
5	107	15.75	0
6	107	0.0	0
7	107	0.0	0
8	107	0.0	0
9	107	0.0	0
10	107	0.0	0
11	107	0.0	0
1	108	3.97	34.01
2	108	1.76	46.15
3	108	14.69	11.03
4	108	0.0	0
5	108	0.32	0
6	108	0.0	0
7	108	10.42	12.95
8	108	0.0	0
9	108	2.97	9.09
10	108	0.14	200.0
11	108	0.08	333.33
1	109	19.07	12.78
2	109	12.55	12.14
3	109	4.66	6.54
4	109	0.24	0
5	109	0.0	0
6	109	0.0	0
7	109	3.38	9.01
8	109	0.0	0
9	109	0.43	71.43
10	109	0.0	0
11	109	0.0	0
1	110	2.51	22.99
2	110	9.85	11.73
3	110	17.8	3.25
4	110	0.0	0
5	110	20.89	4.15
6	110	0.0	0
7	110	0.0	0
8	110	1.04	27.78
9	110	0.32	0
10	110	0.0	0
11	110	0.0	0
1	111	14.08	16.81
2	111	17.13	3.45
3	111	5.56	0
4	111	0.56	52.63
5	111	0.0	0
6	111	0.95	0
7	111	0.44	0
8	111	0.0	0
9	111	0.3	0
10	111	0.0	0
11	111	0.0	0
1	112	24.2	19.28
2	112	16.52	13.18
3	112	18.07	12.05
4	112	0.81	0
5	112	10.26	0
6	112	1.68	0
7	112	0.12	0
8	112	0.0	0
9	112	0.37	0
10	112	0.5	0
11	112	4.32	7.19
1	113	26.51	16.92
2	113	8.28	9.85
3	113	0.82	0
4	113	0.0	0
5	113	0.0	0
6	113	0.0	0
7	113	0.0	0
8	113	0.0	0
9	113	0.0	0
10	113	0.0	0
11	113	0.0	0
1	114	29.24	18.4
2	114	13.39	26.79
3	114	20.12	16.34
4	114	0.57	52.63
5	114	0.0	0
6	114	0.0	0
7	114	0.0	0
8	114	0.0	0
9	114	0.0	0
10	114	0.0	0
11	114	0.0	0
1	115	0.68	0
2	115	1.35	0
3	115	22.03	4.39
4	115	0.06	0
5	115	4.41	0
6	115	11.14	2.89
7	115	9.4	3.42
8	115	0.0	0
9	115	0.74	43.48
10	115	0.0	0
11	115	0.0	0
1	116	19.54	20.34
2	116	0.95	0
3	116	0.46	0
4	116	0.0	0
5	116	41.22	2.97
6	116	0.0	0
7	116	0.0	0
8	116	0.0	0
9	116	0.0	0
10	116	0.0	0
11	116	0.0	0
1	117	16.51	12.2
2	117	11.05	5.21
3	117	6.93	4.15
4	117	1.04	0
5	117	0.0	0
6	117	0.0	0
7	117	1.87	0
8	117	0.0	0
9	117	0.0	0
10	117	0.0	0
11	117	0.2	0
1	118	6.13	46.63
2	118	2.51	50.63
3	118	12.23	20.78
4	118	0.0	0
5	118	0.0	0
6	118	0.0	0
7	118	8.64	7.35
8	118	0.0	0
9	118	0.0	0
10	118	0.0	0
11	118	0.03	0
1	119	11.59	56.5
2	119	11.17	67.45
3	119	11.62	33.8
4	119	0.36	181.82
5	119	2.1	93.75
6	119	0.0	0
7	119	5.57	23.53
8	119	0.26	0
9	119	0.0	0
10	119	1.05	0
11	119	0.0	0
1	120	14.52	20.36
2	120	18.92	3.91
3	120	9.94	7.43
4	120	0.0	0
5	120	0.41	0
6	120	2.07	0
7	120	21.03	0
8	120	0.0	0
9	120	0.0	0
10	120	0.0	0
11	120	0.0	0
1	121	16.29	24.83
2	121	12.68	0
3	121	16.88	6.54
4	121	0.92	0
5	121	7.79	0
6	121	0.0	0
7	121	0.0	0
8	121	0.0	0
9	121	0.0	0
10	121	0.51	0
11	121	0.0	0
1	122	24.24	10.34
2	122	11.53	2.72
3	122	16.66	5.64
4	122	0.31	0
5	122	8.08	7.75
6	122	0.0	0
7	122	0.0	0
8	122	0.0	0
9	122	0.0	0
10	122	0.25	0
11	122	2.38	0
1	123	2.31	101.45
2	123	0.0	0
3	123	0.1	0
4	123	0.0	0
5	123	7.25	0
6	123	0.0	0
7	123	0.13	0
8	123	7.92	21.1
9	123	0.0	0
10	123	0.1	0
11	123	0.0	0
1	124	19.98	5.14
2	124	11.32	15.11
3	124	1.54	22.22
4	124	0.17	0
5	124	1.16	0
6	124	0.0	0
7	124	0.0	0
8	124	0.0	0
9	124	0.0	0
10	124	0.27	0
11	124	0.21	0
1	125	2.13	0
2	125	6.43	25.51
3	125	14.6	11.24
4	125	0.0	0
5	125	0.49	0
6	125	0.0	0
7	125	0.0	0
8	125	0.0	0
9	125	0.69	0
10	125	0.33	0
11	125	0.0	0
1	126	1.5	116.28
2	126	13.34	20.89
3	126	3.66	0
4	126	0.0	0
5	126	0.49	0
6	126	0.0	0
7	126	0.07	0
8	126	0.0	0
9	126	1.74	40.0
10	126	0.1	0
11	126	0.1	0
1	127	42.18	5.28
2	127	2.29	0
3	127	6.81	9.35
4	127	0.03	1000.0
5	127	0.13	0
6	127	1.27	25.0
7	127	5.44	5.85
8	127	0.0	0
9	127	0.0	0
10	127	0.0	0
11	127	0.0	0
1	128	28.43	7.0
2	128	10.52	18.93
3	128	19.94	4.99
4	128	0.2	0
5	128	0.0	0
6	128	0.0	0
7	128	0.0	0
8	128	0.0	0
9	128	0.0	0
10	128	0.0	0
11	128	0.0	0
1	129	14.04	9.8
2	129	5.99	11.49
3	129	3.61	0
4	129	1.58	21.74
5	129	0.0	0
6	129	0.0	0
7	129	0.0	0
8	129	0.0	0
9	129	0.0	0
10	129	0.0	0
11	129	0.0	0
1	130	5.91	25.64
2	130	8.03	9.43
3	130	9.05	16.74
4	130	0.0	0
5	130	2.16	0
6	130	0.0	0
7	130	16.51	4.59
8	130	0.0	0
9	130	0.0	0
10	130	0.3	0
11	130	1.14	0
1	131	36.61	14.18
2	131	4.91	14.08
3	131	5.26	13.16
4	131	0.42	166.67
5	131	21.52	4.82
6	131	0.0	0
7	131	0.0	0
8	131	0.0	0
9	131	0.0	0
10	131	0.55	0
11	131	0.38	0
1	132	8.31	22.99
2	132	1.12	0
3	132	1.12	0
4	132	0.0	0
5	132	5.42	17.65
6	132	0.0	0
7	132	0.0	0
8	132	0.0	0
9	132	0.0	0
10	132	0.0	0
11	132	0.06	0
1	133	15.87	33.9
2	133	7.03	10.93
3	133	17.33	4.43
4	133	0.0	0
5	133	0.46	0
6	133	0.0	0
7	133	18.18	4.23
8	133	0.0	0
9	133	0.0	0
10	133	0.0	0
11	133	0.0	0
1	134	22.34	9.68
2	134	4.86	7.41
3	134	8.72	0
4	134	0.0	0
5	134	10.77	0
6	134	0.0	0
7	134	0.0	0
8	134	2.31	0
9	134	0.0	0
10	134	4.18	8.62
11	134	1.15	31.25
1	135	4.13	7.63
2	135	13.37	4.72
3	135	10.56	8.96
4	135	0.16	0
5	135	0.0	0
6	135	0.0	0
7	135	0.44	0
8	135	2.71	0
9	135	0.0	0
10	135	0.0	0
11	135	0.0	0
1	136	43.61	34.59
2	136	13.81	29.13
3	136	6.5	36.08
4	136	0.37	0
5	136	0.3	111.11
6	136	0.0	0
7	136	0.0	0
8	136	0.0	0
9	136	0.0	0
10	136	1.51	66.67
11	136	0.34	100.0
1	137	1.96	30.77
2	137	3.02	0
3	137	19.27	1.57
4	137	0.06	0
5	137	0.0	0
6	137	0.0	0
7	137	7.04	0
8	137	0.0	0
9	137	0.0	0
10	137	0.0	0
11	137	0.0	0
1	138	5.37	6.49
2	138	24.36	4.29
3	138	7.39	0
4	138	0.24	142.86
5	138	1.46	0
6	138	0.0	0
7	138	0.0	0
8	138	0.0	0
9	138	0.0	0
10	138	1.5	0
11	138	2.3	0
1	139	1.82	0
2	139	1.92	0
3	139	16.71	4.02
4	139	0.0	0
5	139	0.0	0
6	139	0.0	0
7	139	39.03	6.03
8	139	0.0	0
9	139	0.0	0
10	139	0.0	0
11	139	0.0	0
1	140	6.28	60.98
2	140	18.0	12.77
3	140	9.88	15.5
4	140	0.38	0
5	140	0.42	0
6	140	8.73	35.09
7	140	3.98	0
8	140	0.0	0
9	140	0.0	0
10	140	1.15	33.33
11	140	0.0	0
1	141	11.41	19.89
2	141	7.16	9.05
3	141	11.15	2.91
4	141	0.0	0
5	141	4.05	16.0
6	141	0.0	0
7	141	7.36	17.62
8	141	0.0	0
9	141	0.0	0
10	141	0.84	0
11	141	0.49	0
1	142	22.84	6.13
2	142	15.69	4.46
3	142	3.82	0
4	142	0.07	0
5	142	0.0	0
6	142	0.0	0
7	142	7.92	4.42
8	142	0.04	0
9	142	0.0	0
10	142	0.0	0
11	142	0.0	0
1	143	29.87	8.68
2	143	13.67	21.33
3	143	0.0	0
4	143	0.0	0
5	143	0.0	0
6	143	0.0	0
7	143	0.0	0
8	143	0.0	0
9	143	0.0	0
10	143	0.0	0
11	143	0.0	0
1	144	0.0	0
2	144	0.0	0
3	144	0.0	0
4	144	0.0	0
5	144	0.0	0
6	144	0.0	0
7	144	0.0	0
8	144	0.0	0
9	144	0.0	0
10	144	0.0	0
11	144	0.0	0
1	145	18.73	15.44
2	145	11.28	16.03
3	145	13.31	8.15
4	145	0.8	45.45
5	145	0.07	0
6	145	0.0	0
7	145	1.81	0
8	145	0.0	0
9	145	0.0	0
10	145	0.0	0
11	145	0.0	0
1	146	41.21	12.67
2	146	0.49	0
3	146	0.81	0
4	146	0.06	500.0
5	146	0.73	0
6	146	0.0	0
7	146	0.0	0
8	146	0.0	0
9	146	0.0	0
10	146	0.0	0
11	146	0.12	0
1	147	31.18	14.29
2	147	7.94	4.67
3	147	10.76	3.45
4	147	0.45	83.33
5	147	2.08	0
6	147	0.0	0
7	147	11.54	3.22
8	147	0.0	0
9	147	0.0	0
10	147	1.37	0
11	147	0.85	0
1	148	17.63	7.33
2	148	11.72	24.79
3	148	9.75	3.31
4	148	0.0	0
5	148	1.65	19.61
6	148	0.0	0
7	148	0.52	0
8	148	0.0	0
9	148	0.0	0
10	148	0.13	0
11	148	0.0	0
1	149	30.16	17.6
2	149	17.19	13.51
3	149	0.46	0
4	149	0.03	0
5	149	1.09	0
6	149	0.0	0
7	149	0.6	0
8	149	0.0	0
9	149	0.0	0
10	149	0.0	0
11	149	0.0	0
1	150	4.94	15.87
2	150	2.43	16.13
3	150	1.37	0
4	150	0.0	0
5	150	6.59	17.86
6	150	0.0	0
7	150	1.22	0
8	150	0.0	0
9	150	0.0	0
10	150	0.0	0
11	150	0.0	0
1	151	18.85	4.2
2	151	1.35	29.41
3	151	1.62	0
4	151	0.04	0
5	151	4.95	0
6	151	0.0	0
7	151	0.0	0
8	151	0.0	0
9	151	0.0	0
10	151	0.0	0
11	151	0.0	0
1	152	23.27	26.87
2	152	1.63	42.55
3	152	0.0	0
4	152	0.0	0
5	152	1.18	0
6	152	0.0	0
7	152	0.0	0
8	152	0.0	0
9	152	0.0	0
10	152	0.0	0
11	152	0.0	0
1	153	0.0	0
2	153	1.89	0
3	153	31.1	4.23
4	153	0.0	0
5	153	0.0	0
6	153	0.0	0
7	153	11.49	0
8	153	0.0	0
9	153	0.0	0
10	153	0.0	0
11	153	0.0	0
1	154	9.56	15.09
2	154	1.52	0
3	154	10.03	3.6
4	154	0.0	0
5	154	0.61	0
6	154	0.0	0
7	154	22.19	21.14
8	154	0.0	0
9	154	0.0	0
10	154	0.0	0
11	154	0.32	0
1	155	42.45	19.19
2	155	5.56	20.94
3	155	1.45	0
4	155	0.2	285.71
5	155	11.46	2.54
6	155	0.0	0
7	155	0.0	0
8	155	0.0	0
9	155	0.0	0
10	155	0.03	0
11	155	0.0	0
1	156	24.28	9.33
2	156	6.42	5.88
3	156	2.38	0
4	156	0.6	125.0
5	156	1.28	0
6	156	0.0	0
7	156	0.0	0
8	156	0.0	0
9	156	0.0	0
10	156	4.87	0
11	156	3.74	0
1	157	24.53	3.92
2	157	11.71	2.74
3	157	2.02	0
4	157	0.0	0
5	157	1.35	0
6	157	0.0	0
7	157	0.0	0
8	157	0.0	0
9	157	0.0	0
10	157	0.0	0
11	157	0.0	0
1	158	2.13	18.52
2	158	4.9	32.26
3	158	21.87	0
4	158	0.0	0
5	158	0.0	0
6	158	0.0	0
7	158	21.63	7.3
8	158	0.0	0
9	158	0.0	0
10	158	0.0	0
11	158	0.0	0
1	159	5.28	20.13
2	159	3.01	23.53
3	159	2.76	0
4	159	0.35	0
5	159	0.82	43.48
6	159	0.0	0
7	159	0.0	0
8	159	0.0	0
9	159	0.0	0
10	159	0.18	0
11	159	0.0	0
1	160	12.62	14.71
2	160	11.21	19.87
3	160	9.94	0
4	160	0.78	47.62
5	160	0.63	0
6	160	0.0	0
7	160	9.05	4.1
8	160	0.0	0
9	160	0.0	0
10	160	0.15	0
11	160	0.0	0
1	161	42.23	47.22
2	161	9.46	17.01
3	161	0.0	0
4	161	0.0	0
5	161	0.96	0
6	161	0.0	0
7	161	0.0	0
8	161	0.0	0
9	161	0.0	0
10	161	0.0	0
11	161	3.15	71.43
1	162	0.0	0
2	162	0.0	0
3	162	10.53	21.05
4	162	0.0	0
5	162	0.0	0
6	162	0.0	0
7	162	23.68	10.92
8	162	0.0	0
9	162	0.0	0
10	162	0.0	0
11	162	0.0	0
1	163	20.45	33.14
2	163	13.79	20.23
3	163	3.87	20.62
4	163	0.0	0
5	163	9.88	16.13
6	163	0.0	0
7	163	0.0	0
8	163	0.0	0
9	163	0.0	0
10	163	0.64	0
11	163	0.52	76.92
1	164	17.79	32.32
2	164	6.18	11.63
3	164	3.63	0
4	164	0.0	0
5	164	5.82	0
6	164	0.0	0
7	164	0.0	0
8	164	0.0	0
9	164	0.0	0
10	164	0.0	0
11	164	0.0	0
1	165	17.93	28.4
2	165	16.65	21.83
3	165	6.51	0
4	165	0.0	0
5	165	4.51	16.13
6	165	0.0	0
7	165	0.0	0
8	165	0.0	0
9	165	0.0	0
10	165	0.0	0
11	165	0.0	0
1	166	2.41	32.26
2	166	12.45	12.5
3	166	25.6	4.56
4	166	0.0	0
5	166	3.07	12.66
6	166	0.0	0
7	166	5.18	0
8	166	0.0	0
9	166	0.0	0
10	166	0.0	0
11	166	1.32	0
1	167	15.94	23.4
2	167	11.94	2.84
3	167	9.23	0
4	167	0.37	0
5	167	5.33	6.37
6	167	0.0	0
7	167	0.0	0
8	167	15.47	0
9	167	0.0	0
10	167	3.83	0
11	167	2.48	27.4
1	168	34.56	20.75
2	168	12.47	10.96
3	168	2.08	16.39
4	168	0.0	0
5	168	3.28	0
6	168	0.0	0
7	168	0.0	0
8	168	0.0	0
9	168	0.0	0
10	168	0.03	0
11	168	0.0	0
1	169	1.31	62.5
2	169	14.21	8.65
3	169	11.55	7.09
4	169	0.0	0
5	169	3.4	0
6	169	0.0	0
7	169	4.83	8.47
8	169	0.0	0
9	169	0.0	0
10	169	0.0	0
11	169	0.0	0
1	170	17.39	16.9
2	170	12.25	4.0
3	170	8.33	5.88
4	170	5.68	86.21
5	170	2.89	0
6	170	0.0	0
7	170	0.88	55.56
8	170	0.0	0
9	170	0.0	0
10	170	0.0	0
11	170	0.0	0
1	171	3.27	44.44
2	171	12.12	2.99
3	171	3.12	0
4	171	0.0	0
5	171	7.8	106.98
6	171	0.0	0
7	171	0.0	0
8	171	0.0	0
9	171	0.0	0
10	171	0.0	0
11	171	0.04	0
1	172	32.61	0
2	172	2.24	16.39
3	172	0.22	0
4	172	0.18	0
5	172	0.96	38.46
6	172	0.26	0
7	172	0.0	0
8	172	0.0	0
9	172	2.57	14.29
10	172	0.0	0
11	172	0.0	0
1	173	0.0	0
2	173	1.77	0
3	173	3.46	0
4	173	0.0	0
5	173	0.0	0
6	173	0.0	0
7	173	32.43	10.4
8	173	0.0	0
9	173	0.51	0
10	173	0.0	0
11	173	0.0	0
1	174	19.54	13.45
2	174	3.15	0
3	174	7.32	0
4	174	0.85	38.46
5	174	9.06	0
6	174	0.0	0
7	174	0.0	0
8	174	2.0	16.39
9	174	4.43	0
10	174	0.0	0
11	174	0.33	0
1	175	41.59	18.42
2	175	10.69	13.65
3	175	8.83	8.26
4	175	0.04	1000.0
5	175	8.65	4.22
6	175	0.0	0
7	175	0.0	0
8	175	0.0	0
9	175	0.0	0
10	175	0.62	0
11	175	0.0	0
1	176	44.56	21.11
2	176	0.26	0
3	176	1.73	0
4	176	0.0	0
5	176	6.81	27.62
6	176	0.0	0
7	176	0.0	0
8	176	16.82	26.85
9	176	3.99	9.43
10	176	2.56	0
11	176	2.15	17.54
1	177	6.87	36.27
2	177	5.69	12.5
3	177	13.34	10.67
4	177	1.74	61.22
5	177	0.0	0
6	177	0.0	0
7	177	6.01	0
8	177	0.0	0
9	177	0.28	0
10	177	0.0	0
11	177	9.5	14.98
1	178	4.57	17.09
2	178	4.37	8.93
3	178	9.88	3.95
4	178	0.55	142.86
5	178	0.08	0
6	178	0.0	0
7	178	17.41	0
8	178	0.0	0
9	178	0.62	0
10	178	0.0	0
11	178	20.3	0
1	179	0.27	0
2	179	7.01	5.43
3	179	3.66	10.42
4	179	0.0	0
5	179	0.46	0
6	179	0.0	0
7	179	11.12	44.52
8	179	0.0	0
9	179	0.88	0
10	179	0.0	0
11	179	0.0	0
1	180	7.64	14.81
2	180	4.92	5.75
3	180	26.0	4.35
4	180	0.76	0
5	180	1.73	0
6	180	0.0	0
7	180	0.0	0
8	180	2.77	0
9	180	1.08	0
10	180	0.42	0
11	180	0.03	0
1	181	3.73	38.1
2	181	0.53	0
3	181	0.6	0
4	181	0.0	0
5	181	24.8	0
6	181	0.0	0
7	181	0.0	0
8	181	0.0	0
9	181	0.0	0
10	181	0.0	0
11	181	0.0	0
1	182	9.82	34.48
2	182	6.37	19.32
3	182	6.19	9.95
4	182	7.39	37.5
5	182	3.69	33.33
6	182	0.0	0
7	182	0.0	0
8	182	0.0	0
9	182	0.0	0
10	182	0.0	0
11	182	0.12	0
1	183	19.5	19.54
2	183	1.24	25.64
3	183	0.64	0
4	183	0.0	0
5	183	0.0	0
6	183	0.0	0
7	183	0.0	0
8	183	0.29	0
9	183	0.25	0
10	183	0.38	0
11	183	0.0	0
1	184	7.9	28.93
2	184	12.02	2.72
3	184	8.98	0
4	184	0.0	0
5	184	1.05	0
6	184	0.0	0
7	184	21.36	4.59
8	184	0.0	0
9	184	0.82	0
10	184	0.33	0
11	184	0.0	0
1	185	10.86	32.47
2	185	1.31	0
3	185	4.66	0
4	185	0.0	0
5	185	2.79	0
6	185	0.0	0
7	185	13.02	10.84
8	185	1.98	17.86
9	185	0.46	0
10	185	0.71	50.0
11	185	0.42	0
1	186	32.41	19.33
2	186	4.78	17.86
3	186	0.09	0
4	186	0.0	0
5	186	1.77	32.26
6	186	0.0	0
7	186	0.0	0
8	186	0.37	153.85
9	186	0.2	0
10	186	0.28	0
11	186	1.05	0
1	187	0.0	0
2	187	0.0	0
3	187	7.66	4.61
4	187	0.0	0
5	187	0.0	0
6	187	0.0	0
7	187	36.5	6.77
8	187	0.0	0
9	187	0.35	0
10	187	0.0	0
11	187	0.0	0
1	188	46.75	24.52
2	188	10.63	13.07
3	188	0.87	0
4	188	0.0	0
5	188	8.68	4.0
6	188	0.0	0
7	188	0.0	0
8	188	0.0	0
9	188	0.0	0
10	188	2.71	0
11	188	0.0	0
1	189	12.27	5.62
2	189	12.58	10.96
3	189	6.72	10.26
4	189	0.31	222.22
5	189	0.0	0
6	189	0.0	0
7	189	0.0	0
8	189	0.0	0
9	189	0.0	0
10	189	0.0	0
11	189	0.0	0
1	190	4.19	14.81
2	190	3.42	0
3	190	1.62	38.46
4	190	0.06	0
5	190	45.42	25.31
6	190	0.0	0
7	190	0.0	0
8	190	0.12	0
9	190	0.71	0
10	190	1.62	0
11	190	0.06	0
1	191	28.04	11.88
2	191	8.54	3.55
3	191	12.72	4.76
4	191	1.0	30.3
5	191	4.21	0
6	191	0.0	0
7	191	0.0	0
8	191	0.0	0
9	191	0.0	0
10	191	0.0	0
11	191	0.0	0
1	192	13.79	19.07
2	192	1.54	0
3	192	25.96	11.58
4	192	0.9	0
5	192	2.22	0
6	192	0.0	0
7	192	2.7	0
8	192	0.0	0
9	192	0.0	0
10	192	0.0	0
11	192	0.0	0
1	193	10.09	60.61
2	193	4.47	59.83
3	193	16.7	43.48
4	193	0.34	222.22
5	193	6.38	17.96
6	193	0.0	0
7	193	1.26	60.61
8	193	0.0	0
9	193	0.0	0
10	193	0.0	0
11	193	0.0	0
1	194	48.37	5.57
2	194	0.75	0
3	194	4.31	18.75
4	194	0.0	0
5	194	6.19	8.7
6	194	0.0	0
7	194	0.0	0
8	194	11.04	4.88
9	194	0.0	0
10	194	0.0	0
11	194	0.0	0
1	195	27.8	0
2	195	11.08	17.75
3	195	8.95	0
4	195	0.0	0
5	195	4.2	0
6	195	0.0	0
7	195	5.74	0
8	195	0.0	0
9	195	0.0	0
10	195	0.0	0
11	195	0.0	0
1	196	4.38	0
2	196	5.85	17.14
3	196	2.04	16.39
4	196	0.8	125.0
5	196	7.42	0
6	196	0.0	0
7	196	0.9	37.04
8	196	0.0	0
9	196	0.0	0
10	196	0.0	0
11	196	0.0	0
1	197	15.33	23.76
2	197	7.35	13.51
3	197	10.46	22.15
4	197	0.83	120.0
5	197	11.56	5.73
6	197	0.0	0
7	197	4.67	7.09
8	197	0.0	0
9	197	4.37	0
10	197	0.13	0
11	197	0.0	0
1	198	22.3	31.1
2	198	0.99	0
3	198	0.95	0
4	198	0.0	0
5	198	0.0	0
6	198	0.0	0
7	198	25.18	8.7
8	198	0.0	0
9	198	0.0	0
10	198	0.0	0
11	198	0.0	0
1	199	19.96	15.96
2	199	21.2	6.68
3	199	22.15	23.96
4	199	0.11	0
5	199	0.0	0
6	199	0.0	0
7	199	5.06	0
8	199	4.14	8.55
9	199	0.0	0
10	199	0.0	0
11	199	0.0	0
1	200	10.07	18.29
2	200	3.72	8.26
3	200	7.25	4.24
4	200	0.0	0
5	200	0.4	0
6	200	0.0	0
7	200	11.82	5.19
8	200	0.0	0
9	200	3.78	8.13
10	200	0.0	0
11	200	0.0	0
1	201	6.76	32.26
2	201	10.25	14.18
3	201	8.29	21.93
4	201	0.22	0
5	201	0.0	0
6	201	0.0	0
7	201	2.18	16.67
8	201	0.0	0
9	201	2.47	0
10	201	0.0	0
11	201	0.0	0
1	202	5.51	20.41
2	202	4.27	26.32
3	202	4.16	0
4	202	0.0	0
5	202	6.34	0
6	202	0.0	0
7	202	0.0	0
8	202	0.0	0
9	202	0.0	0
10	202	0.0	0
11	202	0.0	0
1	203	46.1	17.65
2	203	1.82	0
3	203	1.41	22.22
4	203	2.69	139.53
5	203	12.02	28.65
6	203	0.0	0
7	203	0.0	0
8	203	0.0	0
9	203	0.0	0
10	203	0.0	0
11	203	0.0	0
1	204	18.13	19.61
2	204	11.09	14.58
3	204	5.62	17.24
4	204	0.19	166.67
5	204	0.9	0
6	204	0.0	0
7	204	15.77	2.05
8	204	0.0	0
9	204	0.55	0
10	204	0.0	0
11	204	0.0	0
1	205	1.18	48.78
2	205	1.06	0
3	205	15.07	5.73
4	205	0.0	0
5	205	0.58	0
6	205	0.0	0
7	205	4.23	13.61
8	205	4.54	0
9	205	0.0	0
10	205	0.0	0
11	205	0.0	0
1	206	5.72	0
2	206	0.0	0
3	206	1.53	0
4	206	0.0	0
5	206	0.0	0
6	206	0.0	0
7	206	2.37	0
8	206	0.0	0
9	206	0.0	0
10	206	0.0	0
11	206	0.0	0
1	207	0.0	0
2	207	0.0	0
3	207	0.0	0
4	207	0.0	0
5	207	0.0	0
6	207	0.0	0
7	207	0.0	0
8	207	0.0	0
9	207	0.0	0
10	207	0.0	0
11	207	0.0	0
1	208	0.0	0
2	208	0.0	0
3	208	0.0	0
4	208	0.0	0
5	208	0.0	0
6	208	0.0	0
7	208	0.0	0
8	208	0.0	0
9	208	0.0	0
10	208	0.0	0
11	208	0.0	0
1	209	3.87	88.5
2	209	2.47	13.89
3	209	7.74	13.27
4	209	0.14	0
5	209	0.0	0
6	209	0.0	0
7	209	27.27	21.36
8	209	0.0	0
9	209	0.0	0
10	209	0.0	0
11	209	0.21	0
1	210	21.3	28.45
2	210	8.75	3.46
3	210	5.12	0
4	210	0.06	0
5	210	3.42	17.7
6	210	0.0	0
7	210	0.0	0
8	210	0.0	0
9	210	0.0	0
10	210	0.06	0
11	210	0.82	0
1	211	6.63	0
2	211	4.83	0
3	211	5.91	0
4	211	0.0	0
5	211	1.44	0
6	211	0.0	0
7	211	0.0	0
8	211	0.0	0
9	211	0.0	0
10	211	0.0	0
11	211	0.0	0
1	212	0.4	0
2	212	3.01	0
3	212	0.33	0
4	212	0.0	0
5	212	0.0	0
6	212	0.0	0
7	212	0.0	0
8	212	0.0	0
9	212	1.21	0
10	212	0.0	0
11	212	0.0	0
1	213	20.19	44.64
2	213	2.04	0
3	213	2.07	0
4	213	0.0	0
5	213	6.01	5.0
6	213	0.0	0
7	213	19.26	28.08
8	213	0.06	0
9	213	0.0	0
10	213	0.03	0
11	213	0.24	0
1	214	40.02	5.84
2	214	28.92	2.02
3	214	2.8	0
4	214	0.0	0
5	214	2.07	14.08
6	214	0.0	0
7	214	0.0	0
8	214	0.0	0
9	214	0.0	0
10	214	3.77	0
11	214	1.14	0
1	215	0.0	0
2	215	0.0	0
3	215	0.0	0
4	215	0.0	0
5	215	17.55	1.98
6	215	0.0	0
7	215	0.0	0
8	215	0.0	0
9	215	0.0	0
10	215	0.0	0
11	215	0.0	0
1	216	5.54	0
2	216	11.19	12.7
3	216	20.6	46.55
4	216	0.43	0
5	216	0.6	0
6	216	0.0	0
7	216	16.37	10.85
8	216	0.0	0
9	216	0.0	0
10	216	0.0	0
11	216	0.0	0
1	217	10.77	24.84
2	217	12.47	8.04
3	217	17.85	29.96
4	217	0.1	0
5	217	1.5	66.67
6	217	0.0	0
7	217	2.44	13.7
8	217	1.74	0
9	217	1.57	21.28
10	217	0.27	0
11	217	0.0	0
1	218	17.51	40.4
2	218	6.37	20.83
3	218	3.8	0
4	218	0.0	0
5	218	16.5	0
6	218	0.0	0
7	218	1.06	0
8	218	0.0	0
9	218	0.0	0
10	218	0.31	0
11	218	2.03	0
1	219	22.92	14.95
2	219	5.67	5.49
3	219	12.21	5.1
4	219	0.37	83.33
5	219	1.31	0
6	219	0.0	0
7	219	0.0	0
8	219	1.65	37.74
9	219	1.03	30.3
10	219	0.34	90.91
11	219	3.89	24.0
1	220	0.37	0
2	220	0.0	0
3	220	1.8	0
4	220	0.0	0
5	220	0.0	0
6	220	0.0	0
7	220	33.53	9.12
8	220	0.0	0
9	220	0.0	0
10	220	0.0	0
11	220	0.0	0
1	221	34.66	10.95
2	221	2.02	0
3	221	3.95	0
4	221	0.13	0
5	221	2.94	0
6	221	0.0	0
7	221	0.0	0
8	221	0.41	0
9	221	0.0	0
10	221	0.09	0
11	221	1.17	27.03
1	222	9.69	3.52
2	222	10.17	10.07
3	222	4.09	0
4	222	0.24	0
5	222	0.34	0
6	222	0.0	0
7	222	0.0	0
8	222	0.0	0
9	222	1.09	0
10	222	0.0	0
11	222	0.0	0
1	223	31.31	2.82
2	223	1.47	0
3	223	1.09	27.03
4	223	1.12	52.63
5	223	2.65	0
6	223	0.0	0
7	223	0.0	0
8	223	0.0	0
9	223	0.0	0
10	223	0.0	0
11	223	0.15	0
1	224	17.43	24.29
2	224	4.59	0
3	224	2.05	0
4	224	0.0	0
5	224	2.4	14.71
6	224	0.0	0
7	224	7.16	19.7
8	224	0.0	0
9	224	0.6	0
10	224	1.8	0
11	224	0.0	0
1	225	21.55	41.53
2	225	4.12	17.39
3	225	18.26	5.88
4	225	0.39	363.64
5	225	0.54	0
6	225	0.0	0
7	225	2.15	0
8	225	0.0	0
9	225	0.0	0
10	225	0.0	0
11	225	0.0	0
1	226	17.08	12.9
2	226	7.64	4.81
3	226	9.81	7.49
4	226	1.8	20.41
5	226	1.47	0
6	226	0.0	0
7	226	0.0	0
8	226	0.0	0
9	226	0.0	0
10	226	0.0	0
11	226	0.44	0
1	227	55.71	21.91
2	227	7.29	14.78
3	227	0.0	0
4	227	0.07	0
5	227	5.06	21.28
6	227	0.0	0
7	227	0.0	0
8	227	0.0	0
9	227	0.0	0
10	227	0.18	0
11	227	0.68	52.63
1	228	4.73	51.28
2	228	7.76	3.91
3	228	13.59	0
4	228	0.0	0
5	228	13.07	2.32
6	228	0.0	0
7	228	0.0	0
8	228	0.0	0
9	228	0.0	0
10	228	1.06	28.57
11	228	0.64	0
1	229	12.24	26.6
2	229	13.18	24.69
3	229	17.83	1.82
4	229	1.07	60.61
5	229	0.0	0
6	229	0.0	0
7	229	0.0	0
8	229	0.0	0
9	229	0.0	0
10	229	0.0	0
11	229	0.0	0
1	230	41.56	8.73
2	230	8.49	34.19
3	230	0.98	0
4	230	0.15	0
5	230	2.87	0
6	230	0.0	0
7	230	0.0	0
8	230	0.58	0
9	230	7.26	0
10	230	0.15	0
11	230	0.25	0
1	231	4.85	6.06
2	231	1.7	0
3	231	6.02	0
4	231	0.0	0
5	231	19.48	0
6	231	0.0	0
7	231	23.03	6.38
8	231	0.38	0
9	231	0.0	0
10	231	1.29	0
11	231	0.06	0
1	232	28.65	35.71
2	232	18.65	17.7
3	232	2.48	0
4	232	0.0	0
5	232	0.0	0
6	232	0.0	0
7	232	0.0	0
8	232	0.0	0
9	232	0.0	0
10	232	0.0	0
11	232	0.66	0
1	233	23.99	53.5
2	233	8.65	24.73
3	233	1.19	102.56
4	233	0.0	0
5	233	0.0	0
6	233	0.0	0
7	233	9.17	6.67
8	233	0.0	0
9	233	0.0	0
10	233	0.0	0
11	233	0.0	0
1	234	5.57	56.25
2	234	1.36	0
3	234	1.15	30.3
4	234	10.93	6.37
5	234	24.19	5.76
6	234	0.0	0
7	234	0.0	0
8	234	0.0	0
9	234	0.0	0
10	234	0.0	0
11	234	0.0	0
1	235	8.72	30.04
2	235	6.36	5.88
3	235	15.94	4.69
4	235	1.27	29.41
5	235	2.88	0
6	235	0.0	0
7	235	28.78	7.8
8	235	0.0	0
9	235	0.07	0
10	235	0.0	0
11	235	0.0	0
1	236	6.15	19.7
2	236	2.54	0
3	236	18.42	3.29
4	236	0.24	0
5	236	5.94	10.2
6	236	0.0	0
7	236	1.7	0
8	236	0.0	0
9	236	0.73	0
10	236	0.55	55.56
11	236	1.12	0
1	237	24.37	5.55
2	237	15.92	8.49
3	237	6.12	5.52
4	237	0.24	0
5	237	3.89	8.7
6	237	0.0	0
7	237	0.0	0
8	237	0.0	0
9	237	0.0	0
10	237	0.0	0
11	237	0.98	0
1	238	28.75	5.55
2	238	3.0	53.1
3	238	0.03	0
4	238	0.0	0
5	238	21.79	1.22
6	238	0.0	0
7	238	0.0	0
8	238	0.0	0
9	238	0.0	0
10	238	0.21	250.0
11	238	0.82	0
1	239	6.06	24.27
2	239	5.91	4.98
3	239	8.94	13.16
4	239	0.18	0
5	239	5.35	5.49
6	239	0.0	0
7	239	24.31	18.14
8	239	2.88	0
9	239	0.53	0
10	239	0.79	37.04
11	239	1.44	0
1	240	35.37	7.52
2	240	1.06	0
3	240	0.6	0
4	240	0.0	0
5	240	0.66	0
6	240	0.0	0
7	240	0.0	0
8	240	0.0	0
9	240	0.0	0
10	240	0.0	0
11	240	0.0	0
1	241	0.0	0
2	241	0.0	0
3	241	0.0	0
4	241	0.0	0
5	241	0.0	0
6	241	0.0	0
7	241	0.0	0
8	241	0.0	0
9	241	0.0	0
10	241	0.0	0
11	241	0.0	0
1	242	0.49	117.65
2	242	14.33	6.09
3	242	0.26	0
4	242	0.0	0
5	242	0.06	0
6	242	0.0	0
7	242	0.0	0
8	242	0.0	0
9	242	0.29	0
10	242	0.0	0
11	242	0.0	0
1	243	27.99	16.86
2	243	22.0	24.75
3	243	12.2	44.64
4	243	0.51	0
5	243	1.45	0
6	243	0.0	0
7	243	0.0	0
8	243	0.0	0
9	243	0.0	0
10	243	0.0	0
11	243	1.27	28.57
1	244	23.6	8.05
2	244	3.86	0
3	244	10.64	0
4	244	0.92	0
5	244	6.84	37.04
6	244	0.0	0
7	244	9.63	3.29
8	244	0.0	0
9	244	0.0	0
10	244	1.39	0
11	244	2.85	0
1	245	23.08	9.52
2	245	3.74	0
3	245	2.76	22.73
4	245	1.16	54.05
5	245	8.19	0
6	245	0.0	0
7	245	2.73	0
8	245	0.0	0
9	245	0.0	0
10	245	0.0	0
11	245	0.16	0
1	246	27.2	18.84
2	246	12.4	0
3	246	12.13	5.63
4	246	1.13	0
5	246	1.95	0
6	246	0.0	0
7	246	6.56	0
8	246	0.0	0
9	246	0.0	0
10	246	1.61	0
11	246	0.55	0
1	247	3.11	18.87
2	247	0.44	0
3	247	2.38	0
4	247	0.0	0
5	247	9.1	9.68
6	247	0.0	0
7	247	0.0	0
8	247	22.81	9.01
9	247	1.12	0
10	247	1.94	15.15
11	247	0.62	47.62
1	248	36.82	29.74
2	248	14.58	7.04
3	248	8.97	15.27
4	248	0.24	142.86
5	248	3.7	27.78
6	248	0.0	0
7	248	1.03	0
8	248	0.0	0
9	248	0.0	0
10	248	0.0	0
11	248	0.0	0
1	249	13.05	9.17
2	249	7.03	4.26
3	249	10.62	0
4	249	0.51	117.65
5	249	0.0	0
6	249	0.0	0
7	249	8.71	17.18
8	249	5.15	5.81
9	249	4.07	14.71
10	249	0.24	0
11	249	2.78	21.51
1	250	29.87	40.0
2	250	0.44	0
3	250	5.12	13.33
4	250	0.0	0
5	250	3.0	11.36
6	250	0.0	0
7	250	15.16	0
8	250	1.71	0
9	250	2.46	13.89
10	250	0.58	0
11	250	0.31	0
1	251	0.0	0
2	251	0.0	0
3	251	0.0	0
4	251	0.0	0
5	251	0.0	0
6	251	0.0	0
7	251	1.67	19.61
8	251	0.0	0
9	251	0.0	0
10	251	0.0	0
11	251	0.0	0
1	252	26.67	20.33
2	252	3.64	8.77
3	252	0.93	0
4	252	0.73	43.48
5	252	13.24	4.82
6	252	0.0	0
7	252	3.38	9.43
8	252	0.0	0
9	252	0.83	0
10	252	0.0	0
11	252	0.22	0
1	253	3.77	30.08
2	253	6.36	4.46
3	253	11.44	2.48
4	253	0.09	333.33
5	253	0.51	0
6	253	0.0	0
7	253	12.4	6.86
8	253	0.0	0
9	253	0.0	0
10	253	0.0	0
11	253	0.0	0
1	254	30.93	10.9
2	254	11.43	22.11
3	254	5.45	15.46
4	254	0.93	30.3
5	254	20.7	6.78
6	254	0.0	0
7	254	0.0	0
8	254	0.0	0
9	254	0.0	0
10	254	0.14	0
11	254	0.0	0
1	255	17.45	19.05
2	255	7.01	9.48
3	255	8.38	7.94
4	255	0.9	0
5	255	0.57	0
6	255	0.0	0
7	255	11.97	11.11
8	255	1.5	0
9	255	0.8	0
10	255	0.0	0
11	255	0.13	0
1	256	14.34	16.67
2	256	21.71	6.88
3	256	3.91	0
4	256	0.06	0
5	256	0.54	0
6	256	0.0	0
7	256	16.58	5.41
8	256	3.2	0
9	256	1.11	0
10	256	0.0	0
11	256	0.0	0
1	257	10.99	13.16
2	257	19.51	7.41
3	257	5.49	21.05
4	257	0.0	0
5	257	0.55	105.26
6	257	0.0	0
7	257	8.5	10.2
8	257	0.0	0
9	257	0.0	0
10	257	0.0	0
11	257	0.0	0