character	episode	value
1	1	22.98
2	1	27.13
3	1	13.67
4	1	1.03
5	1	0.0
6	1	9.78
7	1	0.0
8	1	2.96
9	1	2.71
10	1	0.0
11	1	0.0
12	1	0.0
13	1	0.0
14	1	1.03
15	1	0.0
16	1	0.0
17	1	0.0
18	1	0.0
19	1	0.0
20	1	0.0
21	1	0.0
22	1	0.0
23	1	0.0
24	1	0.0
25	1	0.0
26	1	0.0
27	1	0.0
28	1	3.08
29	1	0.0
30	1	0.0
31	1	0.0
1	2	15.57
2	2	6.1
3	2	6.49
4	2	0.45
5	2	0.0
6	2	7.62
7	2	0.0
8	2	9.5
9	2	18.62
10	2	0.32
11	2	0.0
12	2	0.0
13	2	0.0
14	2	0.0
15	2	1.49
16	2	0.0
17	2	0.0
18	2	0.0
19	2	0.0
20	2	0.0
21	2	1.62
22	2	0.0
23	2	0.0
24	2	0.0
25	2	0.0
26	2	0.0
27	2	0.0
28	2	0.0
29	2	0.0
30	2	0.0
31	2	11.13
1	3	14.22
2	3	6.17
3	3	9.48
4	3	1.03
5	3	0.0
6	3	3.46
7	3	4.67
8	3	0.0
9	3	0.53
10	3	0.0
11	3	0.0
12	3	0.0
13	3	0.0
14	3	0.0
15	3	0.0
16	3	0.0
17	3	0.0
18	3	0.0
19	3	0.0
20	3	0.0
21	3	28.08
22	3	0.0
23	3	0.0
24	3	0.0
25	3	0.0
26	3	0.0
27	3	0.0
28	3	2.46
29	3	0.0
30	3	0.0
31	3	9.66
1	4	7.28
2	4	5.09
3	4	18.37
4	4	0.6
5	4	0.0
6	4	9.68
7	4	0.0
8	4	0.0
9	4	8.06
10	4	0.75
11	4	0.0
12	4	0.0
13	4	0.0
14	4	0.0
15	4	0.0
16	4	2.49
17	4	0.0
18	4	0.0
19	4	0.0
20	4	0.0
21	4	10.94
22	4	0.0
23	4	0.0
24	4	0.0
25	4	0.0
26	4	0.0
27	4	0.0
28	4	0.0
29	4	0.0
30	4	0.0
31	4	0.0
1	5	13.93
2	5	17.45
3	5	15.44
4	5	1.35
5	5	0.0
6	5	9.82
7	5	0.66
8	5	0.0
9	5	8.2
10	5	0.12
11	5	0.0
12	5	0.0
13	5	0.0
14	5	0.0
15	5	0.15
16	5	0.81
17	5	0.0
18	5	0.0
19	5	0.0
20	5	0.0
21	5	0.0
22	5	0.0
23	5	0.0
24	5	0.0
25	5	0.0
26	5	0.0
27	5	0.0
28	5	0.0
29	5	0.0
30	5	0.0
31	5	0.0
1	6	8.15
2	6	7.62
3	6	17.76
4	6	2.15
5	6	0.0
6	6	1.31
7	6	2.53
8	6	0.0
9	6	7.96
10	6	0.59
11	6	0.0
12	6	0.0
13	6	0.0
14	6	0.0
15	6	0.0
16	6	3.0
17	6	0.0
18	6	0.0
19	6	0.0
20	6	0.87
21	6	0.0
22	6	0.0
23	6	0.0
24	6	0.0
25	6	9.37
26	6	0.0
27	6	0.0
28	6	1.47
29	6	0.0
30	6	0.0
31	6	0.22
1	7	19.75
2	7	11.75
3	7	15.13
4	7	0.13
5	7	0.0
6	7	12.72
7	7	0.0
8	7	4.08
9	7	6.53
10	7	0.23
11	7	0.0
12	7	0.0
13	7	0.0
14	7	0.0
15	7	0.0
16	7	0.0
17	7	0.0
18	7	0.0
19	7	0.0
20	7	0.0
21	7	0.0
22	7	0.0
23	7	0.0
24	7	0.0
25	7	0.0
26	7	0.0
27	7	0.27
28	7	1.24
29	7	0.0
30	7	4.18
31	7	1.1
1	8	20.07
2	8	7.17
3	8	12.9
4	8	0.33
5	8	0.0
6	8	6.12
7	8	0.0
8	8	0.0
9	8	5.7
10	8	0.27
11	8	0.0
12	8	3.15
13	8	0.0
14	8	0.0
15	8	0.36
16	8	12.69
17	8	0.0
18	8	0.0
19	8	0.0
20	8	0.0
21	8	3.18
22	8	4.59
23	8	0.0
24	8	0.0
25	8	0.0
26	8	0.51
27	8	0.0
28	8	0.24
29	8	0.0
30	8	0.0
31	8	0.0
1	9	20.05
2	9	8.06
3	9	9.67
4	9	0.35
5	9	0.0
6	9	7.54
7	9	0.0
8	9	1.23
9	9	9.36
10	9	0.14
11	9	0.0
12	9	0.0
13	9	0.0
14	9	0.0
15	9	0.18
16	9	0.0
17	9	0.0
18	9	0.0
19	9	0.0
20	9	0.0
21	9	0.32
22	9	0.0
23	9	0.0
24	9	0.0
25	9	0.0
26	9	0.0
27	9	0.0
28	9	0.84
29	9	0.0
30	9	3.19
31	9	0.0
1	10	12.25
2	10	19.46
3	10	9.98
4	10	0.77
5	10	0.0
6	10	2.84
7	10	0.0
8	10	0.83
9	10	10.68
10	10	0.0
11	10	0.0
12	10	6.74
13	10	0.0
14	10	0.27
15	10	0.0
16	10	0.27
17	10	0.0
18	10	0.0
19	10	0.0
20	10	0.0
21	10	0.0
22	10	0.0
23	10	0.0
24	10	3.77
25	10	5.14
26	10	0.0
27	10	0.0
28	10	0.0
29	10	0.0
30	10	0.0
31	10	0.0
1	11	9.64
2	11	5.67
3	11	9.24
4	11	1.36
5	11	0.0
6	11	7.67
7	11	0.0
8	11	16.16
9	11	10.36
10	11	0.17
11	11	0.0
12	11	0.0
13	11	0.0
14	11	0.0
15	11	1.02
16	11	0.0
17	11	0.0
18	11	0.0
19	11	0.0
20	11	0.0
21	11	0.0
22	11	0.0
23	11	0.0
24	11	0.0
25	11	0.0
26	11	0.0
27	11	0.0
28	11	0.0
29	11	0.0
30	11	4.62
31	11	0.0
1	12	18.32
2	12	10.54
3	12	7.89
4	12	0.82
5	12	0.0
6	12	12.37
7	12	0.0
8	12	0.0
9	12	0.39
10	12	0.0
11	12	0.0
12	12	0.0
13	12	0.0
14	12	0.23
15	12	0.0
16	12	0.07
17	12	0.0
18	12	0.0
19	12	0.0
20	12	0.0
21	12	0.85
22	12	0.0
23	12	0.0
24	12	0.0
25	12	0.0
26	12	0.0
27	12	0.0
28	12	0.0
29	12	0.0
30	12	0.0
31	12	0.69
1	13	20.44
2	13	6.7
3	13	11.98
4	13	1.68
5	13	0.0
6	13	9.44
7	13	0.3
8	13	0.0
9	13	4.49
10	13	0.79
11	13	0.0
12	13	2.01
13	13	0.0
14	13	0.0
15	13	0.0
16	13	0.0
17	13	0.0
18	13	0.0
19	13	0.0
20	13	0.79
21	13	2.34
22	13	0.0
23	13	0.0
24	13	0.0
25	13	0.0
26	13	2.71
27	13	0.0
28	13	9.77
29	13	0.0
30	13	0.0
31	13	0.03
1	14	0.09
2	14	0.0
3	14	0.0
4	14	0.0
5	14	0.0
6	14	0.0
7	14	0.0
8	14	0.0
9	14	0.0
10	14	0.0
11	14	0.0
12	14	0.0
13	14	0.0
14	14	0.0
15	14	0.0
16	14	0.0
17	14	0.0
18	14	0.0
19	14	0.0
20	14	0.0
21	14	0.0
22	14	0.0
23	14	0.0
24	14	0.0
25	14	0.0
26	14	1.57
27	14	0.0
28	14	0.0
29	14	0.0
30	14	0.0
31	14	0.0
1	15	11.92
2	15	3.16
3	15	2.95
4	15	1.13
5	15	0.0
6	15	4.86
7	15	0.0
8	15	0.0
9	15	0.89
10	15	0.0
11	15	0.0
12	15	0.0
13	15	0.0
14	15	0.0
15	15	0.0
16	15	0.0
17	15	0.0
18	15	0.0
19	15	0.0
20	15	0.14
21	15	7.27
22	15	0.0
23	15	0.0
24	15	0.0
25	15	0.32
26	15	0.0
27	15	0.0
28	15	5.97
29	15	0.0
30	15	0.0
31	15	3.78
1	16	12.34
2	16	5.53
3	16	7.17
4	16	0.82
5	16	0.0
6	16	0.0
7	16	2.07
8	16	0.0
9	16	0.56
10	16	0.0
11	16	0.0
12	16	0.0
13	16	0.0
14	16	0.0
15	16	0.0
16	16	0.0
17	16	0.0
18	16	0.0
19	16	0.0
20	16	0.0
21	16	0.0
22	16	0.0
23	16	0.0
24	16	0.0
25	16	0.0
26	16	0.0
27	16	0.0
28	16	0.0
29	16	0.0
30	16	0.0
31	16	3.82
1	17	6.49
2	17	18.85
3	17	7.3
4	17	0.32
5	17	0.0
6	17	4.88
7	17	0.0
8	17	0.0
9	17	1.58
10	17	0.0
11	17	0.0
12	17	21.57
13	17	0.0
14	17	1.35
15	17	0.0
16	17	0.0
17	17	0.0
18	17	0.0
19	17	0.0
20	17	0.0
21	17	0.78
22	17	0.0
23	17	0.0
24	17	3.25
25	17	6.61
26	17	0.2
27	17	0.0
28	17	0.0
29	17	0.0
30	17	4.57
31	17	0.0
1	18	4.84
2	18	6.85
3	18	6.0
4	18	0.03
5	18	0.0
6	18	18.12
7	18	0.17
8	18	0.0
9	18	0.0
10	18	0.32
11	18	0.0
12	18	1.86
13	18	0.0
14	18	0.0
15	18	0.29
16	18	0.0
17	18	0.0
18	18	0.0
19	18	0.0
20	18	1.95
21	18	1.11
22	18	0.0
23	18	0.0
24	18	0.93
25	18	12.47
26	18	0.58
27	18	0.0
28	18	0.0
29	18	0.0
30	18	4.08
31	18	6.03
1	19	4.44
2	19	5.09
3	19	11.45
4	19	0.47
5	19	0.0
6	19	0.0
7	19	0.0
8	19	0.0
9	19	4.62
10	19	0.29
11	19	0.0
12	19	1.32
13	19	0.0
14	19	0.0
15	19	0.0
16	19	10.26
17	19	0.0
18	19	0.0
19	19	0.0
20	19	0.0
21	19	34.25
22	19	0.16
23	19	0.0
24	19	0.0
25	19	0.0
26	19	2.78
27	19	0.0
28	19	0.0
29	19	0.0
30	19	0.0
31	19	0.0
1	20	12.86
2	20	14.43
3	20	17.08
4	20	2.72
5	20	0.0
6	20	0.0
7	20	1.51
8	20	0.29
9	20	0.92
10	20	0.2
11	20	0.0
12	20	2.13
13	20	0.0
14	20	0.0
15	20	0.03
16	20	0.0
17	20	0.0
18	20	0.0
19	20	0.0
20	20	1.96
21	20	0.52
22	20	0.0
23	20	0.0
24	20	0.69
25	20	0.82
26	20	1.08
27	20	0.0
28	20	1.6
29	20	0.0
30	20	0.0
31	20	1.21
1	21	9.17
2	21	7.51
3	21	8.42
4	21	0.47
5	21	0.0
6	21	2.94
7	21	0.0
8	21	0.0
9	21	11.21
10	21	0.0
11	21	0.0
12	21	0.0
13	21	0.0
14	21	0.0
15	21	0.0
16	21	0.0
17	21	0.0
18	21	0.0
19	21	0.0
20	21	0.0
21	21	10.61
22	21	0.0
23	21	0.0
24	21	0.0
25	21	0.0
26	21	0.0
27	21	0.0
28	21	0.0
29	21	0.0
30	21	0.0
31	21	12.58
1	22	10.81
2	22	16.14
3	22	6.82
4	22	0.98
5	22	0.0
6	22	8.66
7	22	0.0
8	22	3.33
9	22	3.36
10	22	0.0
11	22	0.0
12	22	0.0
13	22	0.0
14	22	0.0
15	22	0.0
16	22	0.0
17	22	0.0
18	22	0.0
19	22	0.0
20	22	0.0
21	22	0.0
22	22	0.0
23	22	0.0
24	22	0.0
25	22	0.36
26	22	0.0
27	22	0.0
28	22	0.0
29	22	0.0
30	22	0.0
31	22	2.95
1	23	8.89
2	23	15.05
3	23	8.39
4	23	0.79
5	23	0.0
6	23	2.55
7	23	2.61
8	23	0.0
9	23	2.08
10	23	0.0
11	23	0.0
12	23	0.0
13	23	0.0
14	23	0.0
15	23	0.0
16	23	0.0
17	23	0.0
18	23	0.0
19	23	0.0
20	23	8.87
21	23	0.0
22	23	0.0
23	23	0.0
24	23	9.87
25	23	12.08
26	23	0.0
27	23	0.0
28	23	2.82
29	23	0.0
30	23	0.0
31	23	0.0
1	24	15.98
2	24	6.35
3	24	7.92
4	24	0.8
5	24	0.06
6	24	0.28
7	24	0.0
8	24	0.0
9	24	12.31
10	24	0.31
11	24	0.0
12	24	5.84
13	24	0.0
14	24	0.0
15	24	0.0
16	24	0.0
17	24	0.0
18	24	0.0
19	24	0.0
20	24	0.0
21	24	0.0
22	24	0.0
23	24	0.0
24	24	0.0
25	24	0.0
26	24	3.73
27	24	0.0
28	24	1.57
29	24	0.0
30	24	0.85
31	24	0.0
1	25	12.54
2	25	6.51
3	25	20.13
4	25	1.24
5	25	0.08
6	25	2.27
7	25	9.28
8	25	4.34
9	25	4.69
10	25	0.03
11	25	0.0
12	25	3.46
13	25	0.0
14	25	0.0
15	25	3.81
16	25	0.0
17	25	0.0
18	25	0.0
19	25	0.0
20	25	11.05
21	25	0.0
22	25	0.0
23	25	0.0
24	25	0.0
25	25	0.0
26	25	0.0
27	25	0.0
28	25	1.21
29	25	0.0
30	25	0.0
31	25	0.0
1	26	13.87
2	26	21.21
3	26	10.42
4	26	1.7
5	26	0.0
6	26	0.0
7	26	0.0
8	26	0.0
9	26	0.62
10	26	0.0
11	26	0.0
12	26	0.0
13	26	0.0
14	26	0.0
15	26	0.0
16	26	0.0
17	26	0.0
18	26	0.0
19	26	0.0
20	26	0.0
21	26	9.96
22	26	0.0
23	26	0.0
24	26	0.0
25	26	0.83
26	26	5.52
27	26	0.0
28	26	0.0
29	26	0.0
30	26	0.0
31	26	0.0
1	27	8.08
2	27	7.1
3	27	7.58
4	27	0.19
5	27	0.0
6	27	20.08
7	27	0.0
8	27	0.0
9	27	12.13
10	27	0.0
11	27	0.0
12	27	0.03
13	27	0.0
14	27	0.0
15	27	0.0
16	27	0.0
17	27	0.0
18	27	0.0
19	27	0.0
20	27	0.0
21	27	0.0
22	27	0.0
23	27	0.0
24	27	2.62
25	27	0.66
26	27	0.0
27	27	0.48
28	27	0.0
29	27	0.0
30	27	0.0
31	27	0.74
1	28	18.6
2	28	10.86
3	28	18.36
4	28	0.49
5	28	0.0
6	28	3.27
7	28	4.22
8	28	0.0
9	28	0.0
10	28	0.0
11	28	0.0
12	28	0.0
13	28	0.0
14	28	0.0
15	28	0.0
16	28	0.0
17	28	0.0
18	28	0.0
19	28	0.0
20	28	13.31
21	28	0.0
22	28	0.0
23	28	0.0
24	28	0.0
25	28	0.0
26	28	0.98
27	28	0.0
28	28	0.0
29	28	0.0
30	28	0.0
31	28	0.0
1	29	14.1
2	29	8.09
3	29	8.4
4	29	0.21
5	29	0.0
6	29	0.0
7	29	0.85
8	29	0.0
9	29	0.0
10	29	0.0
11	29	0.0
12	29	0.0
13	29	0.0
14	29	0.0
15	29	0.0
16	29	0.0
17	29	0.0
18	29	0.0
19	29	0.0
20	29	3.76
21	29	0.0
22	29	0.0
23	29	0.0
24	29	0.0
25	29	0.41
26	29	1.19
27	29	2.24
28	29	5.54
29	29	0.0
30	29	0.0
31	29	0.0
1	30	5.58
2	30	9.3
3	30	8.78
4	30	0.55
5	30	0.0
6	30	0.0
7	30	0.0
8	30	0.0
9	30	11.19
10	30	0.0
11	30	0.0
12	30	0.0
13	30	0.0
14	30	0.0
15	30	0.0
16	30	0.0
17	30	0.0
18	30	0.0
19	30	0.0
20	30	0.0
21	30	0.0
22	30	0.0
23	30	0.0
24	30	0.0
25	30	0.0
26	30	0.0
27	30	0.0
28	30	0.0
29	30	0.0
30	30	0.0
31	30	5.45
1	31	10.52
2	31	12.41
3	31	16.45
4	31	0.58
5	31	0.0
6	31	0.0
7	31	0.0
8	31	0.0
9	31	0.0
10	31	0.0
11	31	0.0
12	31	0.0
13	31	0.0
14	31	0.0
15	31	0.0
16	31	0.0
17	31	0.0
18	31	0.0
19	31	0.0
20	31	0.0
21	31	0.0
22	31	0.0
23	31	0.0
24	31	0.0
25	31	0.0
26	31	0.0
27	31	0.0
28	31	0.0
29	31	0.0
30	31	0.0
31	31	2.44
1	32	11.99
2	32	3.83
3	32	3.78
4	32	1.83
5	32	0.0
6	32	0.0
7	32	0.0
8	32	0.0
9	32	2.38
10	32	0.0
11	32	0.25
12	32	10.46
13	32	0.0
14	32	0.0
15	32	0.0
16	32	0.0
17	32	0.0
18	32	0.0
19	32	0.0
20	32	0.57
21	32	0.0
22	32	0.0
23	32	0.0
24	32	0.0
25	32	0.38
26	32	0.0
27	32	0.0
28	32	0.0
29	32	0.0
30	32	0.0
31	32	0.0
1	33	12.15
2	33	12.31
3	33	14.93
4	33	0.7
5	33	0.0
6	33	1.39
7	33	16.4
8	33	0.0
9	33	0.37
10	33	0.0
11	33	0.0
12	33	1.39
13	33	0.0
14	33	0.0
15	33	0.0
16	33	1.82
17	33	0.0
18	33	0.0
19	33	0.0
20	33	0.0
21	33	0.0
22	33	0.0
23	33	0.0
24	33	1.1
25	33	0.7
26	33	0.43
27	33	0.0
28	33	0.86
29	33	0.0
30	33	0.0
31	33	0.0
1	34	15.12
2	34	10.19
3	34	12.29
4	34	2.46
5	34	0.0
6	34	14.38
7	34	0.0
8	34	0.0
9	34	4.64
10	34	0.0
11	34	0.0
12	34	0.0
13	34	0.0
14	34	0.0
15	34	0.0
16	34	0.0
17	34	0.0
18	34	0.0
19	34	0.0
20	34	0.0
21	34	0.0
22	34	0.0
23	34	0.0
24	34	0.0
25	34	0.0
26	34	0.0
27	34	0.0
28	34	1.31
29	34	0.0
30	34	0.0
31	34	0.0
1	35	18.02
2	35	8.93
3	35	12.02
4	35	1.62
5	35	0.0
6	35	0.0
7	35	0.0
8	35	1.04
9	35	0.0
10	35	2.6
11	35	3.67
12	35	0.0
13	35	0.09
14	35	0.0
15	35	1.38
16	35	0.0
17	35	0.0
18	35	0.0
19	35	0.0
20	35	0.0
21	35	4.16
22	35	0.0
23	35	0.0
24	35	0.0
25	35	0.0
26	35	0.0
27	35	0.0
28	35	0.0
29	35	0.0
30	35	0.0
31	35	0.0
1	36	20.1
2	36	5.47
3	36	5.0
4	36	0.39
5	36	0.0
6	36	0.45
7	36	0.68
8	36	0.0
9	36	4.22
10	36	0.0
11	36	0.0
12	36	0.18
13	36	0.0
14	36	0.0
15	36	0.0
16	36	0.0
17	36	0.0
18	36	0.0
19	36	0.0
20	36	0.0
21	36	7.88
22	36	0.0
23	36	0.0
24	36	0.92
25	36	0.56
26	36	1.55
27	36	0.0
28	36	1.22
29	36	0.0
30	36	0.0
31	36	13.32
1	37	8.63
2	37	4.48
3	37	8.63
4	37	0.28
5	37	0.0
6	37	1.97
7	37	0.0
8	37	0.0
9	37	9.05
10	37	0.79
11	37	0.56
12	37	0.37
13	37	0.0
14	37	0.0
15	37	1.3
16	37	0.0
17	37	0.0
18	37	0.0
19	37	0.08
20	37	0.0
21	37	0.11
22	37	0.0
23	37	0.0
24	37	15.99
25	37	0.0
26	37	0.0
27	37	0.0
28	37	0.0
29	37	0.0
30	37	2.28
31	37	0.0
1	38	41.34
2	38	0.0
3	38	0.0
4	38	0.0
5	38	0.0
6	38	0.0
7	38	0.0
8	38	0.0
9	38	0.0
10	38	0.61
11	38	0.0
12	38	0.07
13	38	0.0
14	38	0.0
15	38	0.0
16	38	0.0
17	38	0.0
18	38	0.0
19	38	0.0
20	38	0.0
21	38	0.0
22	38	0.0
23	38	0.0
24	38	0.0
25	38	0.0
26	38	0.58
27	38	0.0
28	38	6.45
29	38	0.0
30	38	0.0
31	38	0.0
1	39	0.0
2	39	0.68
3	39	12.3
4	39	0.0
5	39	18.52
6	39	0.0
7	39	16.49
8	39	0.0
9	39	0.75
10	39	0.0
11	39	0.0
12	39	3.97
13	39	0.0
14	39	0.0
15	39	0.0
16	39	0.0
17	39	0.0
18	39	0.0
19	39	0.0
20	39	1.89
21	39	1.11
22	39	0.0
23	39	0.0
24	39	8.5
25	39	0.22
26	39	0.0
27	39	0.0
28	39	0.0
29	39	0.0
30	39	0.0
31	39	0.0
1	40	0.0
2	40	12.93
3	40	0.0
4	40	5.25
5	40	0.0
6	40	0.0
7	40	0.0
8	40	0.0
9	40	0.0
10	40	0.0
11	40	0.0
12	40	0.0
13	40	0.0
14	40	0.66
15	40	0.0
16	40	0.0
17	40	0.0
18	40	0.0
19	40	0.0
20	40	0.0
21	40	0.0
22	40	0.0
23	40	0.0
24	40	4.8
25	40	6.61
26	40	0.0
27	40	0.0
28	40	0.0
29	40	0.0
30	40	0.0
31	40	0.0
1	41	14.9
2	41	8.6
3	41	9.04
4	41	0.45
5	41	0.0
6	41	0.0
7	41	4.22
8	41	0.15
9	41	2.86
10	41	0.0
11	41	0.0
12	41	0.0
13	41	0.0
14	41	0.15
15	41	0.0
16	41	0.0
17	41	0.0
18	41	0.0
19	41	0.0
20	41	8.92
21	41	0.21
22	41	0.0
23	41	0.0
24	41	2.74
25	41	2.65
26	41	5.56
27	41	0.48
28	41	1.99
29	41	0.0
30	41	0.0
31	41	2.56
1	42	13.07
2	42	11.84
3	42	7.65
4	42	0.99
5	42	0.0
6	42	0.0
7	42	0.0
8	42	0.0
9	42	1.47
10	42	0.0
11	42	0.0
12	42	0.0
13	42	0.0
14	42	0.0
15	42	0.0
16	42	0.0
17	42	0.0
18	42	0.0
19	42	0.0
20	42	0.0
21	42	0.0
22	42	0.0
23	42	0.0
24	42	0.0
25	42	0.0
26	42	0.0
27	42	0.0
28	42	0.0
29	42	0.0
30	42	0.0
31	42	2.73
1	43	15.25
2	43	7.78
3	43	13.86
4	43	1.86
5	43	0.0
6	43	1.33
7	43	0.44
8	43	0.0
9	43	0.92
10	43	0.0
11	43	0.0
12	43	0.0
13	43	0.0
14	43	0.0
15	43	0.0
16	43	0.0
17	43	0.0
18	43	0.0
19	43	0.0
20	43	0.81
21	43	0.39
22	43	0.0
23	43	0.0
24	43	0.78
25	43	2.08
26	43	0.0
27	43	0.0
28	43	0.64
29	43	0.0
30	43	0.0
31	43	0.0
1	44	10.99
2	44	9.7
3	44	7.86
4	44	0.58
5	44	3.3
6	44	0.0
7	44	1.81
8	44	0.0
9	44	3.54
10	44	0.0
11	44	2.86
12	44	0.0
13	44	0.12
14	44	0.0
15	44	0.0
16	44	0.0
17	44	0.0
18	44	0.0
19	44	0.0
20	44	0.0
21	44	4.91
22	44	0.0
23	44	0.0
24	44	1.02
25	44	0.0
26	44	0.26
27	44	0.0
28	44	3.13
29	44	0.0
30	44	2.1
31	44	5.29
1	45	24.97
2	45	9.75
3	45	10.55
4	45	0.14
5	45	2.06
6	45	0.0
7	45	4.27
8	45	0.0
9	45	2.21
10	45	0.0
11	45	0.0
12	45	0.0
13	45	0.0
14	45	0.0
15	45	0.0
16	45	0.0
17	45	0.0
18	45	0.0
19	45	0.0
20	45	0.0
21	45	17.86
22	45	0.0
23	45	0.0
24	45	1.63
25	45	0.0
26	45	0.86
27	45	0.0
28	45	0.0
29	45	0.0
30	45	0.0
31	45	0.0
1	46	8.21
2	46	9.43
3	46	3.47
4	46	0.03
5	46	0.0
6	46	0.0
7	46	0.0
8	46	0.0
9	46	10.36
10	46	0.0
11	46	0.0
12	46	0.0
13	46	0.0
14	46	0.0
15	46	0.0
16	46	7.14
17	46	0.0
18	46	0.0
19	46	0.0
20	46	0.0
21	46	0.0
22	46	6.48
23	46	0.0
24	46	2.36
25	46	4.16
26	46	0.0
27	46	0.0
28	46	0.0
29	46	0.0
30	46	0.0
31	46	0.0
1	47	14.82
2	47	7.67
3	47	17.05
4	47	2.48
5	47	0.0
6	47	4.86
7	47	0.46
8	47	0.0
9	47	1.58
10	47	0.0
11	47	0.0
12	47	0.05
13	47	0.0
14	47	0.41
15	47	0.0
16	47	17.52
17	47	0.0
18	47	0.0
19	47	0.0
20	47	0.68
21	47	0.87
22	47	0.0
23	47	0.0
24	47	0.05
25	47	0.0
26	47	0.44
27	47	0.0
28	47	0.0
29	47	0.0
30	47	0.0
31	47	0.0
1	48	9.44
2	48	5.47
3	48	9.16
4	48	0.53
5	48	0.0
6	48	0.0
7	48	0.0
8	48	0.0
9	48	19.51
10	48	0.0
11	48	0.0
12	48	12.7
13	48	0.0
14	48	0.0
15	48	0.0
16	48	0.0
17	48	0.0
18	48	0.0
19	48	0.0
20	48	0.0
21	48	0.0
22	48	0.0
23	48	0.0
24	48	0.0
25	48	0.0
26	48	3.27
27	48	0.0
28	48	0.0
29	48	0.0
30	48	0.0
31	48	0.0
1	49	20.35
2	49	11.44
3	49	16.33
4	49	0.91
5	49	2.45
6	49	0.0
7	49	0.0
8	49	0.0
9	49	0.0
10	49	1.91
11	49	0.0
12	49	2.62
13	49	1.88
14	49	0.0
15	49	0.28
16	49	0.0
17	49	0.0
18	49	0.0
19	49	0.0
20	49	0.0
21	49	0.0
22	49	0.0
23	49	0.0
24	49	0.0
25	49	0.0
26	49	0.6
27	49	0.0
28	49	0.65
29	49	0.0
30	49	0.0
31	49	0.0
1	50	23.31
2	50	9.99
3	50	11.12
4	50	1.25
5	50	2.45
6	50	3.07
7	50	0.0
8	50	0.0
9	50	0.0
10	50	0.0
11	50	0.0
12	50	0.0
13	50	0.0
14	50	0.0
15	50	0.0
16	50	0.0
17	50	0.0
18	50	0.45
19	50	0.0
20	50	0.0
21	50	0.0
22	50	0.0
23	50	0.0
24	50	0.97
25	50	0.0
26	50	0.0
27	50	0.0
28	50	6.05
29	50	0.0
30	50	0.0
31	50	0.0
1	51	6.77
2	51	4.73
3	51	10.66
4	51	3.49
5	51	0.0
6	51	0.0
7	51	4.86
8	51	0.0
9	51	0.0
10	51	0.0
11	51	0.0
12	51	0.0
13	51	0.0
14	51	0.0
15	51	0.0
16	51	0.0
17	51	0.0
18	51	0.0
19	51	0.0
20	51	7.38
21	51	0.0
22	51	0.0
23	51	0.0
24	51	0.0
25	51	0.7
26	51	0.47
27	51	1.27
28	51	0.23
29	51	0.0
30	51	0.0
31	51	0.0
1	52	5.6
2	52	5.02
3	52	7.66
4	52	0.32
5	52	0.0
6	52	11.79
7	52	0.6
8	52	0.03
9	52	7.52
10	52	0.0
11	52	0.0
12	52	2.44
13	52	0.0
14	52	0.0
15	52	0.0
16	52	0.0
17	52	0.0
18	52	3.21
19	52	0.0
20	52	1.0
21	52	0.0
22	52	0.0
23	52	0.0
24	52	0.43
25	52	0.77
26	52	2.32
27	52	0.0
28	52	0.43
29	52	0.0
30	52	1.72
31	52	0.0
1	53	0.0
2	53	0.0
3	53	0.0
4	53	0.0
5	53	0.0
6	53	0.0
7	53	0.0
8	53	0.0
9	53	0.0
10	53	0.0
11	53	0.0
12	53	0.0
13	53	0.0
14	53	0.0
15	53	0.0
16	53	0.0
17	53	0.0
18	53	0.0
19	53	0.0
20	53	0.0
21	53	0.0
22	53	0.0
23	53	0.0
24	53	0.0
25	53	0.0
26	53	0.0
27	53	0.0
28	53	0.0
29	53	0.0
30	53	0.0
31	53	0.0
1	54	28.18
2	54	4.77
3	54	4.86
4	54	1.82
5	54	2.26
6	54	0.0
7	54	0.0
8	54	0.0
9	54	2.29
10	54	0.0
11	54	0.0
12	54	0.0
13	54	0.14
14	54	0.0
15	54	0.0
16	54	0.0
17	54	0.0
18	54	0.14
19	54	0.0
20	54	0.0
21	54	0.0
22	54	0.0
23	54	0.0
24	54	0.0
25	54	0.0
26	54	1.62
27	54	0.0
28	54	0.0
29	54	0.0
30	54	0.0
31	54	0.0
1	55	11.65
2	55	0.68
3	55	19.45
4	55	1.6
5	55	3.04
6	55	0.0
7	55	0.0
8	55	0.19
9	55	14.78
10	55	0.0
11	55	0.0
12	55	1.71
13	55	0.0
14	55	0.0
15	55	0.0
16	55	0.0
17	55	0.0
18	55	0.11
19	55	0.0
20	55	4.75
21	55	0.0
22	55	0.0
23	55	0.0
24	55	0.08
25	55	3.8
26	55	0.0
27	55	0.0
28	55	1.09
29	55	0.0
30	55	0.38
31	55	0.0
1	56	9.02
2	56	5.61
3	56	3.28
4	56	0.55
5	56	0.03
6	56	15.5
7	56	0.66
8	56	12.64
9	56	3.41
10	56	0.03
11	56	0.08
12	56	0.71
13	56	0.0
14	56	0.0
15	56	1.44
16	56	0.0
17	56	0.0
18	56	0.0
19	56	0.0
20	56	0.0
21	56	12.43
22	56	0.0
23	56	0.0
24	56	0.5
25	56	0.16
26	56	0.0
27	56	0.0
28	56	0.0
29	56	0.0
30	56	0.58
31	56	6.98
1	57	33.42
2	57	4.5
3	57	8.67
4	57	0.97
5	57	2.35
6	57	3.68
7	57	17.45
8	57	3.63
9	57	0.0
10	57	0.0
11	57	0.0
12	57	0.41
13	57	0.0
14	57	1.0
15	57	0.72
16	57	0.0
17	57	0.0
18	57	0.23
19	57	0.0
20	57	1.61
21	57	0.0
22	57	0.0
23	57	0.0
24	57	0.0
25	57	0.0
26	57	0.44
27	57	0.0
28	57	0.33
29	57	0.0
30	57	0.0
31	57	0.0
1	58	16.17
2	58	3.15
3	58	12.12
4	58	0.68
5	58	2.27
6	58	0.0
7	58	0.6
8	58	0.0
9	58	0.0
10	58	0.6
11	58	0.0
12	58	2.39
13	58	0.25
14	58	0.38
15	58	0.0
16	58	0.0
17	58	0.0
18	58	0.13
19	58	0.0
20	58	0.05
21	58	0.0
22	58	12.09
23	58	0.0
24	58	1.56
25	58	0.78
26	58	0.0
27	58	0.0
28	58	0.0
29	58	0.0
30	58	0.0
31	58	0.0
1	59	28.51
2	59	2.49
3	59	3.01
4	59	0.57
5	59	0.52
6	59	0.0
7	59	0.0
8	59	0.0
9	59	0.0
10	59	0.0
11	59	0.0
12	59	0.0
13	59	0.0
14	59	0.0
15	59	0.08
16	59	2.13
17	59	0.0
18	59	0.19
19	59	0.0
20	59	0.41
21	59	0.0
22	59	20.63
23	59	0.0
24	59	0.05
25	59	0.96
26	59	0.33
27	59	0.0
28	59	1.04
29	59	0.11
30	59	1.37
31	59	0.0
1	60	11.42
2	60	7.91
3	60	11.67
4	60	0.45
5	60	3.29
6	60	2.09
7	60	0.0
8	60	0.33
9	60	8.1
10	60	0.33
11	60	0.0
12	60	2.84
13	60	0.0
14	60	0.0
15	60	0.0
16	60	0.0
17	60	0.0
18	60	0.81
19	60	0.0
20	60	0.0
21	60	0.0
22	60	0.0
23	60	0.0
24	60	0.0
25	60	0.0
26	60	0.0
27	60	0.0
28	60	0.0
29	60	0.0
30	60	3.2
31	60	0.0
1	61	19.51
2	61	7.63
3	61	9.65
4	61	0.06
5	61	0.0
6	61	0.0
7	61	0.0
8	61	0.0
9	61	25.84
10	61	0.0
11	61	0.0
12	61	0.0
13	61	0.0
14	61	0.58
15	61	0.0
16	61	0.0
17	61	0.0
18	61	0.0
19	61	0.0
20	61	0.0
21	61	0.0
22	61	0.0
23	61	0.0
24	61	0.0
25	61	0.0
26	61	0.0
27	61	0.0
28	61	1.47
29	61	0.0
30	61	0.0
31	61	0.0
1	62	28.27
2	62	9.02
3	62	2.76
4	62	0.0
5	62	3.01
6	62	0.0
7	62	0.64
8	62	3.79
9	62	1.77
10	62	2.51
11	62	0.0
12	62	0.67
13	62	0.6
14	62	0.0
15	62	1.84
16	62	0.0
17	62	0.0
18	62	2.19
19	62	0.0
20	62	0.78
21	62	2.3
22	62	0.0
23	62	0.0
24	62	0.35
25	62	0.5
26	62	0.0
27	62	0.0
28	62	0.6
29	62	0.0
30	62	1.38
31	62	0.0
1	63	13.47
2	63	7.42
3	63	5.74
4	63	0.82
5	63	0.79
6	63	6.66
7	63	0.0
8	63	0.17
9	63	0.76
10	63	0.08
11	63	0.0
12	63	1.52
13	63	0.03
14	63	0.0
15	63	0.08
16	63	2.87
17	63	0.0
18	63	0.0
19	63	0.0
20	63	0.0
21	63	0.0
22	63	0.0
23	63	0.0
24	63	0.2
25	63	0.0
26	63	7.31
27	63	0.0
28	63	4.47
29	63	0.0
30	63	1.21
31	63	0.0
1	64	14.62
2	64	13.44
3	64	12.43
4	64	0.15
5	64	3.94
6	64	0.0
7	64	0.38
8	64	0.0
9	64	0.0
10	64	0.0
11	64	2.13
12	64	0.0
13	64	0.0
14	64	0.09
15	64	0.0
16	64	0.0
17	64	0.0
18	64	0.0
19	64	0.0
20	64	0.47
21	64	0.0
22	64	0.0
23	64	5.8
24	64	3.64
25	64	4.35
26	64	0.0
27	64	0.0
28	64	0.24
29	64	0.0
30	64	0.0
31	64	0.0
1	65	7.47
2	65	21.78
3	65	12.88
4	65	0.12
5	65	3.96
6	65	0.0
7	65	0.42
8	65	0.0
9	65	0.0
10	65	0.0
11	65	0.0
12	65	0.36
13	65	0.0
14	65	0.21
15	65	0.0
16	65	0.54
17	65	0.0
18	65	0.0
19	65	0.0
20	65	0.48
21	65	0.0
22	65	0.0
23	65	0.0
24	65	0.0
25	65	0.57
26	65	0.0
27	65	0.0
28	65	0.0
29	65	0.0
30	65	0.0
31	65	7.08
1	66	11.88
2	66	14.6
3	66	6.38
4	66	0.24
5	66	1.4
6	66	8.46
7	66	1.67
8	66	0.0
9	66	7.3
10	66	0.0
11	66	0.0
12	66	0.4
13	66	0.0
14	66	0.03
15	66	0.0
16	66	0.0
17	66	0.0
18	66	0.05
19	66	0.0
20	66	0.0
21	66	0.62
22	66	0.0
23	66	0.0
24	66	0.05
25	66	0.46
26	66	1.32
27	66	0.0
28	66	0.0
29	66	0.0
30	66	0.22
31	66	0.0
1	67	3.68
2	67	0.0
3	67	11.57
4	67	0.16
5	67	2.51
6	67	0.0
7	67	5.64
8	67	0.0
9	67	0.0
10	67	0.0
11	67	0.0
12	67	0.0
13	67	0.0
14	67	0.0
15	67	0.0
16	67	0.0
17	67	0.0
18	67	2.28
19	67	21.15
20	67	0.16
21	67	0.39
22	67	0.0
23	67	0.0
24	67	0.0
25	67	0.39
26	67	0.0
27	67	0.0
28	67	0.0
29	67	0.16
30	67	0.0
31	67	0.0
1	68	11.79
2	68	14.45
3	68	14.07
4	68	0.0
5	68	2.22
6	68	0.0
7	68	0.0
8	68	0.0
9	68	0.0
10	68	0.0
11	68	0.0
12	68	0.0
13	68	0.0
14	68	0.03
15	68	0.0
16	68	15.17
17	68	0.0
18	68	0.0
19	68	0.0
20	68	0.0
21	68	0.55
22	68	0.0
23	68	0.0
24	68	0.0
25	68	1.33
26	68	0.72
27	68	3.72
28	68	0.0
29	68	0.0
30	68	0.0
31	68	0.0
1	69	54.88
2	69	5.8
3	69	2.97
4	69	0.14
5	69	0.16
6	69	0.6
7	69	0.0
8	69	0.0
9	69	0.0
10	69	0.08
11	69	0.0
12	69	0.0
13	69	0.0
14	69	0.0
15	69	0.0
16	69	0.0
17	69	0.0
18	69	0.16
19	69	0.0
20	69	0.0
21	69	4.6
22	69	0.0
23	69	0.0
24	69	0.0
25	69	0.0
26	69	0.0
27	69	0.0
28	69	0.0
29	69	0.0
30	69	0.0
31	69	0.0
1	70	3.4
2	70	10.01
3	70	7.87
4	70	0.28
5	70	0.25
6	70	0.0
7	70	0.0
8	70	0.0
9	70	0.18
10	70	0.56
11	70	0.0
12	70	0.18
13	70	0.0
14	70	0.0
15	70	0.0
16	70	0.0
17	70	0.0
18	70	0.0
19	70	0.0
20	70	0.0
21	70	0.0
22	70	0.0
23	70	0.0
24	70	0.0
25	70	0.0
26	70	1.42
27	70	16.26
28	70	0.0
29	70	0.0
30	70	0.0
31	70	0.0
1	71	36.17
2	71	15.08
3	71	9.06
4	71	0.75
5	71	0.99
6	71	0.0
7	71	0.0
8	71	0.0
9	71	0.59
10	71	0.32
11	71	0.0
12	71	0.0
13	71	0.0
14	71	0.0
15	71	0.0
16	71	0.0
17	71	0.0
18	71	0.03
19	71	0.0
20	71	0.0
21	71	0.27
22	71	0.0
23	71	0.0
24	71	5.11
25	71	5.7
26	71	0.22
27	71	0.0
28	71	0.99
29	71	0.0
30	71	0.0
31	71	0.0
1	72	7.96
2	72	4.34
3	72	8.1
4	72	0.41
5	72	5.23
6	72	6.03
7	72	2.02
8	72	1.82
9	72	6.41
10	72	0.41
11	72	0.0
12	72	15.81
13	72	0.0
14	72	0.0
15	72	1.13
16	72	0.0
17	72	0.0
18	72	0.03
19	72	0.0
20	72	5.97
21	72	0.0
22	72	0.0
23	72	0.0
24	72	0.22
25	72	1.44
26	72	0.0
27	72	2.35
28	72	0.0
29	72	0.0
30	72	2.99
31	72	0.0
1	73	9.82
2	73	14.38
3	73	18.11
4	73	0.42
5	73	0.0
6	73	0.0
7	73	0.03
8	73	0.0
9	73	0.69
10	73	0.0
11	73	0.0
12	73	0.0
13	73	0.0
14	73	0.0
15	73	0.0
16	73	0.0
17	73	10.62
18	73	0.0
19	73	0.0
20	73	3.37
21	73	0.0
22	73	0.0
23	73	0.0
24	73	0.0
25	73	0.0
26	73	0.0
27	73	0.0
28	73	0.0
29	73	0.0
30	73	0.0
31	73	0.0
1	74	17.15
2	74	11.57
3	74	21.68
4	74	0.56
5	74	1.68
6	74	0.0
7	74	1.72
8	74	1.27
9	74	0.0
10	74	0.0
11	74	0.0
12	74	0.0
13	74	0.0
14	74	0.0
15	74	0.0
16	74	0.0
17	74	1.57
18	74	0.0
19	74	0.0
20	74	0.52
21	74	0.0
22	74	0.0
23	74	0.0
24	74	0.0
25	74	0.0
26	74	0.0
27	74	0.0
28	74	0.0
29	74	0.0
30	74	0.0
31	74	0.0
1	75	22.07
2	75	7.33
3	75	4.43
4	75	0.18
5	75	5.55
6	75	0.0
7	75	0.0
8	75	0.0
9	75	0.41
10	75	0.53
11	75	0.24
12	75	3.07
13	75	0.12
14	75	0.0
15	75	0.0
16	75	0.0
17	75	0.0
18	75	0.0
19	75	4.28
20	75	0.0
21	75	0.0
22	75	0.0
23	75	1.92
24	75	0.0
25	75	0.0
26	75	0.0
27	75	0.0
28	75	0.0
29	75	1.45
30	75	0.0
31	75	0.0
1	76	6.88
2	76	21.35
3	76	1.66
4	76	0.0
5	76	0.0
6	76	0.0
7	76	2.08
8	76	0.0
9	76	17.36
10	76	0.0
11	76	0.0
12	76	0.0
13	76	0.0
14	76	0.1
15	76	0.0
16	76	0.0
17	76	0.0
18	76	0.0
19	76	0.0
20	76	0.0
21	76	0.42
22	76	0.0
23	76	0.0
24	76	0.0
25	76	7.65
26	76	2.59
27	76	0.0
28	76	0.0
29	76	0.0
30	76	0.0
31	76	0.0
1	77	7.08
2	77	3.55
3	77	4.26
4	77	0.03
5	77	1.79
6	77	1.17
7	77	0.38
8	77	0.0
9	77	8.98
10	77	0.03
11	77	0.35
12	77	0.0
13	77	21.34
14	77	0.0
15	77	0.0
16	77	0.0
17	77	0.0
18	77	0.0
19	77	0.0
20	77	0.53
21	77	3.73
22	77	0.0
23	77	1.12
24	77	0.62
25	77	0.44
26	77	0.0
27	77	0.0
28	77	0.29
29	77	0.0
30	77	0.0
31	77	0.0
1	78	38.3
2	78	13.01
3	78	9.12
4	78	1.81
5	78	3.83
6	78	5.7
7	78	0.83
8	78	0.0
9	78	0.98
10	78	0.0
11	78	0.0
12	78	1.78
13	78	0.0
14	78	0.0
15	78	0.0
16	78	0.0
17	78	0.0
18	78	0.0
19	78	0.0
20	78	0.09
21	78	0.0
22	78	0.0
23	78	0.0
24	78	0.09
25	78	0.64
26	78	0.0
27	78	0.0
28	78	0.46
29	78	0.0
30	78	0.06
31	78	0.0
1	79	0.11
2	79	0.0
3	79	0.52
4	79	0.0
5	79	34.48
6	79	0.0
7	79	0.0
8	79	0.0
9	79	0.24
10	79	0.0
11	79	0.0
12	79	0.0
13	79	0.0
14	79	0.0
15	79	0.0
16	79	0.0
17	79	0.0
18	79	0.0
19	79	0.0
20	79	0.0
21	79	0.0
22	79	0.0
23	79	17.49
24	79	0.0
25	79	0.0
26	79	0.0
27	79	0.0
28	79	0.0
29	79	0.0
30	79	0.0
31	79	0.0
1	80	16.93
2	80	3.6
3	80	5.33
4	80	0.0
5	80	15.8
6	80	0.0
7	80	0.0
8	80	0.0
9	80	0.0
10	80	0.0
11	80	0.0
12	80	0.0
13	80	0.0
14	80	0.0
15	80	0.0
16	80	0.0
17	80	0.0
18	80	0.0
19	80	0.0
20	80	0.0
21	80	0.0
22	80	0.0
23	80	1.81
24	80	0.0
25	80	0.0
26	80	3.6
27	80	0.0
28	80	1.94
29	80	0.0
30	80	0.0
31	80	0.0
1	81	20.39
2	81	10.14
3	81	9.56
4	81	0.0
5	81	11.29
6	81	2.15
7	81	0.79
8	81	0.0
9	81	0.0
10	81	0.0
11	81	0.0
12	81	0.5
13	81	0.0
14	81	0.0
15	81	0.0
16	81	0.0
17	81	0.0
18	81	0.0
19	81	0.0
20	81	0.0
21	81	0.26
22	81	0.0
23	81	1.97
24	81	0.13
25	81	0.0
26	81	0.47
27	81	0.0
28	81	0.0
29	81	2.86
30	81	0.0
31	81	0.0
1	82	4.44
2	82	3.79
3	82	8.66
4	82	0.0
5	82	4.1
6	82	0.0
7	82	6.97
8	82	0.0
9	82	0.0
10	82	0.0
11	82	0.0
12	82	0.0
13	82	0.0
14	82	0.31
15	82	0.0
16	82	0.0
17	82	0.0
18	82	0.0
19	82	0.0
20	82	0.4
21	82	0.0
22	82	0.0
23	82	0.74
24	82	4.19
25	82	2.53
26	82	2.59
27	82	0.0
28	82	0.0
29	82	3.73
30	82	0.0
31	82	0.0
1	83	12.58
2	83	10.72
3	83	13.92
4	83	0.0
5	83	5.9
6	83	6.71
7	83	0.0
8	83	0.0
9	83	0.0
10	83	0.0
11	83	0.0
12	83	0.0
13	83	0.0
14	83	0.42
15	83	0.0
16	83	0.0
17	83	0.0
18	83	0.0
19	83	0.0
20	83	0.0
21	83	0.19
22	83	0.0
23	83	0.0
24	83	1.03
25	83	0.0
26	83	2.09
27	83	0.0
28	83	0.0
29	83	0.0
30	83	0.0
31	83	0.0
1	84	17.83
2	84	8.56
3	84	17.53
4	84	0.0
5	84	6.92
6	84	0.0
7	84	1.15
8	84	0.0
9	84	0.0
10	84	0.0
11	84	0.0
12	84	0.0
13	84	0.0
14	84	0.0
15	84	0.0
16	84	0.0
17	84	0.0
18	84	0.0
19	84	0.0
20	84	6.64
21	84	0.0
22	84	0.0
23	84	0.0
24	84	0.66
25	84	2.76
26	84	0.0
27	84	0.0
28	84	0.82
29	84	0.0
30	84	0.0
31	84	0.0
1	85	23.59
2	85	7.59
3	85	5.43
4	85	0.0
5	85	35.34
6	85	0.0
7	85	0.0
8	85	0.0
9	85	0.0
10	85	0.92
11	85	0.23
12	85	0.0
13	85	0.43
14	85	0.0
15	85	0.0
16	85	0.0
17	85	0.82
18	85	0.1
19	85	5.27
20	85	0.0
21	85	0.0
22	85	0.0
23	85	1.28
24	85	0.0
25	85	0.0
26	85	2.19
27	85	0.0
28	85	0.0
29	85	0.0
30	85	0.0
31	85	0.0
1	86	34.57
2	86	5.23
3	86	8.61
4	86	0.0
5	86	20.47
6	86	7.32
7	86	0.0
8	86	0.0
9	86	1.44
10	86	0.0
11	86	0.0
12	86	0.0
13	86	0.0
14	86	0.0
15	86	0.0
16	86	0.0
17	86	0.0
18	86	0.0
19	86	0.0
20	86	0.0
21	86	0.0
22	86	0.0
23	86	0.23
24	86	0.0
25	86	0.0
26	86	0.72
27	86	0.0
28	86	0.09
29	86	0.0
30	86	0.0
31	86	0.0
1	87	10.93
2	87	6.27
3	87	3.84
4	87	0.0
5	87	0.18
6	87	0.12
7	87	8.13
8	87	0.0
9	87	0.0
10	87	0.0
11	87	0.12
12	87	0.0
13	87	0.0
14	87	0.0
15	87	0.0
16	87	0.0
17	87	0.0
18	87	0.0
19	87	0.0
20	87	2.13
21	87	0.0
22	87	0.0
23	87	1.16
24	87	0.0
25	87	0.0
26	87	0.21
27	87	0.0
28	87	0.0
29	87	0.67
30	87	0.0
31	87	0.0
1	88	14.52
2	88	10.16
3	88	17.79
4	88	0.0
5	88	0.0
6	88	0.0
7	88	0.0
8	88	0.0
9	88	0.0
10	88	0.0
11	88	0.0
12	88	0.0
13	88	0.0
14	88	0.0
15	88	0.0
16	88	0.0
17	88	0.0
18	88	0.0
19	88	0.0
20	88	0.0
21	88	0.0
22	88	0.0
23	88	0.0
24	88	0.0
25	88	0.0
26	88	6.51
27	88	0.0
28	88	0.0
29	88	0.0
30	88	0.0
31	88	0.0
1	89	16.21
2	89	5.03
3	89	8.53
4	89	0.0
5	89	1.97
6	89	0.0
7	89	4.16
8	89	5.41
9	89	0.0
10	89	4.67
11	89	2.0
12	89	5.56
13	89	2.45
14	89	0.0
15	89	16.03
16	89	0.0
17	89	0.0
18	89	0.15
19	89	0.0
20	89	1.44
21	89	0.09
22	89	0.0
23	89	0.0
24	89	0.0
25	89	0.0
26	89	0.0
27	89	0.0
28	89	1.56
29	89	0.0
30	89	0.0
31	89	0.0
1	90	1.09
2	90	1.46
3	90	3.77
4	90	0.0
5	90	0.17
6	90	0.0
7	90	10.91
8	90	0.0
9	90	0.0
10	90	0.0
11	90	0.0
12	90	1.84
13	90	0.0
14	90	0.0
15	90	0.0
16	90	0.0
17	90	0.0
18	90	0.0
19	90	0.0
20	90	4.01
21	90	0.61
22	90	0.0
23	90	0.0
24	90	1.73
25	90	1.87
26	90	0.0
27	90	0.0
28	90	0.24
29	90	0.0
30	90	0.0
31	90	0.0
1	91	21.23
2	91	9.56
3	91	11.37
4	91	0.65
5	91	0.0
6	91	0.0
7	91	7.14
8	91	0.0
9	91	0.21
10	91	0.0
11	91	0.0
12	91	0.0
13	91	0.0
14	91	0.0
15	91	0.0
16	91	0.0
17	91	0.0
18	91	0.0
19	91	0.0
20	91	1.46
21	91	0.92
22	91	0.0
23	91	0.0
24	91	1.25
25	91	1.16
26	91	0.0
27	91	0.0
28	91	0.09
29	91	0.0
30	91	0.0
31	91	0.0
1	92	12.3
2	92	9.05
3	92	11.01
4	92	0.0
5	92	6.85
6	92	0.0
7	92	15.56
8	92	0.0
9	92	0.0
10	92	7.42
11	92	1.36
12	92	0.0
13	92	2.86
14	92	0.0
15	92	0.0
16	92	0.0
17	92	0.0
18	92	0.0
19	92	3.02
20	92	3.38
21	92	0.0
22	92	0.0
23	92	1.18
24	92	4.04
25	92	4.43
26	92	0.0
27	92	2.38
28	92	0.63
29	92	0.0
30	92	0.0
31	92	0.0
1	93	3.3
2	93	2.88
3	93	3.75
4	93	0.0
5	93	0.9
6	93	4.17
7	93	4.77
8	93	0.0
9	93	25.1
10	93	0.0
11	93	0.0
12	93	2.79
13	93	0.0
14	93	0.0
15	93	0.0
16	93	0.0
17	93	0.0
18	93	0.0
19	93	0.0
20	93	0.78
21	93	0.0
22	93	0.0
23	93	1.08
24	93	0.99
25	93	2.01
26	93	0.0
27	93	0.0
28	93	0.06
29	93	0.0
30	93	9.06
31	93	0.0
1	94	2.87
2	94	4.75
3	94	27.89
4	94	0.0
5	94	0.0
6	94	8.52
7	94	0.0
8	94	0.0
9	94	0.0
10	94	0.0
11	94	0.0
12	94	0.0
13	94	0.0
14	94	0.0
15	94	0.0
16	94	0.0
17	94	0.0
18	94	0.0
19	94	0.0
20	94	0.0
21	94	0.0
22	94	0.0
23	94	0.0
24	94	0.0
25	94	0.0
26	94	6.71
27	94	0.0
28	94	3.85
29	94	0.0
30	94	0.0
31	94	0.0
1	95	21.47
2	95	1.76
3	95	25.4
4	95	0.0
5	95	12.89
6	95	0.0
7	95	7.69
8	95	0.0
9	95	0.0
10	95	0.73
11	95	0.45
12	95	0.0
13	95	0.3
14	95	0.0
15	95	0.0
16	95	0.0
17	95	0.0
18	95	0.0
19	95	0.7
20	95	4.34
21	95	0.0
22	95	0.0
23	95	1.29
24	95	0.0
25	95	0.0
26	95	0.0
27	95	0.0
28	95	0.0
29	95	1.31
30	95	0.0
31	95	0.0
1	96	21.67
2	96	7.67
3	96	5.61
4	96	0.45
5	96	0.0
6	96	0.0
7	96	0.19
8	96	0.0
9	96	0.07
10	96	0.0
11	96	0.0
12	96	0.0
13	96	0.0
14	96	0.0
15	96	0.0
16	96	5.39
17	96	0.0
18	96	0.0
19	96	6.36
20	96	0.0
21	96	0.71
22	96	0.0
23	96	0.0
24	96	0.04
25	96	0.0
26	96	0.0
27	96	0.0
28	96	0.0
29	96	0.0
30	96	0.0
31	96	0.0
1	97	22.36
2	97	5.35
3	97	5.89
4	97	0.27
5	97	0.15
6	97	0.0
7	97	8.98
8	97	0.0
9	97	5.1
10	97	0.0
11	97	0.0
12	97	4.25
13	97	0.0
14	97	0.0
15	97	0.0
16	97	0.0
17	97	0.0
18	97	0.0
19	97	0.0
20	97	0.46
21	97	2.9
22	97	0.0
23	97	0.0
24	97	2.63
25	97	0.0
26	97	0.0
27	97	0.0
28	97	1.16
29	97	0.0
30	97	0.0
31	97	0.0
1	98	1.45
2	98	1.45
3	98	2.01
4	98	0.0
5	98	2.2
6	98	0.0
7	98	0.13
8	98	0.0
9	98	0.09
10	98	0.0
11	98	0.0
12	98	0.0
13	98	0.0
14	98	0.0
15	98	0.0
16	98	0.0
17	98	0.0
18	98	0.91
19	98	39.41
20	98	0.0
21	98	0.0
22	98	0.0
23	98	0.0
24	98	0.13
25	98	0.0
26	98	1.73
27	98	0.0
28	98	0.19
29	98	0.0
30	98	0.0
31	98	0.0
1	99	29.69
2	99	13.1
3	99	7.11
4	99	0.56
5	99	5.48
6	99	0.0
7	99	0.0
8	99	0.0
9	99	0.65
10	99	0.37
11	99	0.0
12	99	2.29
13	99	0.0
14	99	0.0
15	99	0.0
16	99	0.0
17	99	0.0
18	99	0.0
19	99	0.0
20	99	0.0
21	99	0.0
22	99	0.0
23	99	1.02
24	99	0.0
25	99	0.0
26	99	0.0
27	99	0.0
28	99	0.0
29	99	1.3
30	99	0.85
31	99	0.0
1	100	14.71
2	100	11.25
3	100	13.46
4	100	0.66
5	100	0.0
6	100	12.03
7	100	0.0
8	100	0.0
9	100	0.0
10	100	0.0
11	100	0.0
12	100	0.0
13	100	0.0
14	100	0.31
15	100	0.0
16	100	0.0
17	100	0.0
18	100	0.0
19	100	0.0
20	100	0.0
21	100	0.0
22	100	0.0
23	100	0.0
24	100	0.0
25	100	0.0
26	100	3.34
27	100	1.0
28	100	0.0
29	100	0.0
30	100	0.0
31	100	0.0
1	101	31.33
2	101	12.28
3	101	3.93
4	101	0.18
5	101	1.06
6	101	0.0
7	101	0.0
8	101	0.0
9	101	2.25
10	101	0.0
11	101	0.0
12	101	1.24
13	101	0.0
14	101	0.0
15	101	0.0
16	101	0.0
17	101	0.0
18	101	0.0
19	101	0.0
20	101	0.0
21	101	0.0
22	101	0.0
23	101	0.0
24	101	0.0
25	101	0.0
26	101	0.0
27	101	0.0
28	101	2.43
29	101	0.0
30	101	2.34
31	101	0.0
1	102	19.12
2	102	9.44
3	102	18.08
4	102	1.23
5	102	3.78
6	102	0.0
7	102	0.0
8	102	0.0
9	102	2.73
10	102	0.0
11	102	0.0
12	102	0.0
13	102	0.0
14	102	0.0
15	102	0.0
16	102	0.0
17	102	0.0
18	102	0.0
19	102	0.0
20	102	0.0
21	102	0.0
22	102	0.0
23	102	0.0
24	102	0.0
25	102	0.0
26	102	0.0
27	102	0.0
28	102	1.08
29	102	0.0
30	102	0.0
31	102	0.0
1	103	3.5
2	103	3.63
3	103	13.34
4	103	0.03
5	103	1.93
6	103	0.72
7	103	15.93
8	103	0.0
9	103	1.73
10	103	0.0
11	103	0.0
12	103	1.14
13	103	0.0
14	103	0.0
15	103	0.0
16	103	0.0
17	103	0.0
18	103	0.0
19	103	0.0
20	103	0.88
21	103	0.85
22	103	0.0
23	103	0.0
24	103	8.08
25	103	1.31
26	103	0.49
27	103	0.0
28	103	0.0
29	103	0.0
30	103	0.16
31	103	0.0
1	104	8.84
2	104	7.6
3	104	7.87
4	104	0.43
5	104	0.18
6	104	5.5
7	104	4.62
8	104	0.0
9	104	16.29
10	104	0.33
11	104	2.61
12	104	0.0
13	104	0.33
14	104	0.0
15	104	0.0
16	104	0.0
17	104	0.0
18	104	0.06
19	104	0.0
20	104	5.32
21	104	1.67
22	104	0.0
23	104	3.34
24	104	3.43
25	104	1.67
26	104	0.85
27	104	0.0
28	104	0.0
29	104	0.0
30	104	0.0
31	104	0.0
1	105	35.37
2	105	18.76
3	105	7.0
4	105	0.43
5	105	2.12
6	105	0.0
7	105	1.09
8	105	0.0
9	105	0.0
10	105	0.0
11	105	0.0
12	105	0.0
13	105	3.13
14	105	0.0
15	105	0.0
16	105	0.0
17	105	0.0
18	105	0.0
19	105	0.0
20	105	0.0
21	105	0.0
22	105	0.0
23	105	0.0
24	105	1.29
25	105	0.17
26	105	2.18
27	105	0.0
28	105	0.0
29	105	0.0
30	105	0.0
31	105	0.0
1	106	12.44
2	106	3.36
3	106	9.04
4	106	0.27
5	106	0.0
6	106	0.0
7	106	15.77
8	106	0.0
9	106	2.24
10	106	0.0
11	106	0.0
12	106	0.0
13	106	0.0
14	106	0.0
15	106	0.0
16	106	0.0
17	106	0.0
18	106	0.0
19	106	0.0
20	106	0.99
21	106	0.0
22	106	0.0
23	106	0.0
24	106	0.54
25	106	0.0
26	106	0.0
27	106	0.0
28	106	0.0
29	106	0.0
30	106	0.0
31	106	0.0
1	107	55.15
2	107	12.85
3	107	2.0
4	107	0.09
5	107	15.75
6	107	0.0
7	107	0.0
8	107	0.0
9	107	0.0
10	107	0.0
11	107	0.0
12	107	0.0
13	107	0.0
14	107	0.0
15	107	0.0
16	107	0.0
17	107	0.0
18	107	0.0
19	107	2.33
20	107	0.0
21	107	0.0
22	107	0.0
23	107	0.06
24	107	0.0
25	107	3.67
26	107	0.0
27	107	0.0
28	107	0.0
29	107	0.0
30	107	0.0
31	107	0.0
1	108	3.97
2	108	1.76
3	108	14.69
4	108	0.0
5	108	0.32
6	108	0.0
7	108	10.42
8	108	0.0
9	108	2.97
10	108	0.14
11	108	0.08
12	108	0.0
13	108	0.14
14	108	0.0
15	108	0.0
16	108	0.0
17	108	0.0
18	108	0.0
19	108	0.0
20	108	0.7
21	108	0.0
22	108	0.0
23	108	0.0
24	108	0.0
25	108	0.0
26	108	0.0
27	108	0.0
28	108	0.0
29	108	0.0
30	108	0.0
31	108	0.0
1	109	19.07
2	109	12.55
3	109	4.66
4	109	0.24
5	109	0.0
6	109	0.0
7	109	3.38
8	109	0.0
9	109	0.43
10	109	0.0
11	109	0.0
12	109	5.15
13	109	0.0
14	109	0.0
15	109	0.0
16	109	0.0
17	109	0.0
18	109	0.0
19	109	0.0
20	109	0.55
21	109	0.0
22	109	0.0
23	109	0.0
24	109	0.49
25	109	2.41
26	109	0.0
27	109	0.0
28	109	0.97
29	109	0.0
30	109	1.22
31	109	0.0
1	110	2.51
2	110	9.85
3	110	17.8
4	110	0.0
5	110	20.89
6	110	0.0
7	110	0.0
8	110	1.04
9	110	0.32
10	110	0.0
11	110	0.0
12	110	0.0
13	110	0.0
14	110	0.0
15	110	2.43
16	110	0.0
17	110	0.0
18	110	0.0
19	110	1.91
20	110	0.0
21	110	0.0
22	110	0.0
23	110	3.44
24	110	0.0
25	110	0.0
26	110	0.0
27	110	0.0
28	110	0.0
29	110	2.77
30	110	0.0
31	110	0.0
1	111	14.09
2	111	17.14
3	111	5.53
4	111	0.56
5	111	0.0
6	111	0.95
7	111	0.44
8	111	0.0
9	111	0.3
10	111	0.0
11	111	0.0
12	111	0.0
13	111	0.0
14	111	0.36
15	111	0.0
16	111	0.0
17	111	0.0
18	111	0.0
19	111	0.0
20	111	0.0
21	111	0.0
22	111	0.0
23	111	0.0
24	111	3.7
25	111	1.57
26	111	0.0
27	111	0.0
28	111	0.15
29	111	0.0
30	111	0.0
31	111	0.0
1	112	24.2
2	112	16.52
3	112	18.07
4	112	0.81
5	112	10.26
6	112	1.68
7	112	0.12
8	112	0.0
9	112	0.37
10	112	0.5
11	112	4.32
12	112	0.0
13	112	0.56
14	112	0.0
15	112	0.0
16	112	0.0
17	112	0.0
18	112	0.0
19	112	0.9
20	112	0.0
21	112	0.0
22	112	0.0
23	112	1.18
24	112	0.4
25	112	0.47
26	112	3.95
27	112	0.0
28	112	0.0
29	112	0.0
30	112	0.0
31	112	0.0
1	113	19.54
2	113	0.95
3	113	0.46
4	113	0.0
5	113	41.22
6	113	0.0
7	113	0.0
8	113	0.0
9	113	0.0
10	113	0.0
11	113	0.0
12	113	0.0
13	113	0.0
14	113	0.0
15	113	0.0
16	113	0.0
17	113	0.0
18	113	0.0
19	113	0.0
20	113	0.0
21	113	0.0
22	113	0.0
23	113	4.28
24	113	0.0
25	113	0.0
26	113	0.0
27	113	0.0
28	113	1.87
29	113	1.01
30	113	0.0
31	113	0.0
1	114	26.51
2	114	8.28
3	114	0.82
4	114	0.0
5	114	0.0
6	114	0.0
7	114	0.0
8	114	0.0
9	114	0.0
10	114	0.0
11	114	0.0
12	114	3.22
13	114	0.0
14	114	0.0
15	114	0.0
16	114	0.0
17	114	0.0
18	114	3.26
19	114	31.89
20	114	0.0
21	114	0.0
22	114	0.0
23	114	0.0
24	114	0.0
25	114	0.0
26	114	1.39
27	114	0.0
28	114	3.1
29	114	0.0
30	114	0.0
31	114	0.0
1	115	29.24
2	115	13.39
3	115	20.12
4	115	0.57
5	115	0.0
6	115	0.0
7	115	0.0
8	115	0.0
9	115	0.0
10	115	0.0
11	115	0.0
12	115	0.0
13	115	0.0
14	115	0.0
15	115	0.0
16	115	0.21
17	115	0.0
18	115	0.0
19	115	0.0
20	115	0.0
21	115	0.0
22	115	0.0
23	115	0.0
24	115	0.24
25	115	0.03
26	115	0.21
27	115	0.0
28	115	0.69
29	115	0.0
30	115	0.0
31	115	0.0
1	116	0.68
2	116	1.35
3	116	22.03
4	116	0.06
5	116	4.41
6	116	11.14
7	116	9.4
8	116	0.0
9	116	0.74
10	116	0.0
11	116	0.0
12	116	0.0
13	116	0.0
14	116	0.0
15	116	0.0
16	116	0.0
17	116	0.0
18	116	0.0
19	116	0.0
20	116	2.22
21	116	1.58
22	116	0.0
23	116	1.84
24	116	0.0
25	116	0.0
26	116	1.29
27	116	0.0
28	116	0.0
29	116	0.0
30	116	0.0
31	116	0.0
1	117	6.13
2	117	2.51
3	117	12.23
4	117	0.0
5	117	0.0
6	117	0.0
7	117	8.64
8	117	0.0
9	117	0.0
10	117	0.0
11	117	0.03
12	117	0.0
13	117	0.0
14	117	0.0
15	117	0.0
16	117	0.0
17	117	0.0
18	117	0.03
19	117	0.0
20	117	2.95
21	117	0.0
22	117	0.0
23	117	0.0
24	117	0.0
25	117	0.0
26	117	0.32
27	117	0.0
28	117	0.0
29	117	0.0
30	117	0.0
31	117	0.0
1	118	16.51
2	118	11.05
3	118	6.93
4	118	1.04
5	118	0.0
6	118	0.0
7	118	1.87
8	118	0.0
9	118	0.0
10	118	0.0
11	118	0.2
12	118	0.0
13	118	0.0
14	118	0.0
15	118	0.0
16	118	0.0
17	118	0.0
18	118	0.0
19	118	0.0
20	118	1.38
21	118	0.0
22	118	0.0
23	118	0.0
24	118	1.38
25	118	0.55
26	118	0.0
27	118	0.0
28	118	0.0
29	118	0.72
30	118	0.0
31	118	0.0
1	119	11.59
2	119	11.17
3	119	11.62
4	119	0.36
5	119	2.1
6	119	0.0
7	119	5.57
8	119	0.26
9	119	0.0
10	119	1.05
11	119	0.0
12	119	1.77
13	119	0.0
14	119	0.0
15	119	0.72
16	119	0.0
17	119	0.0
18	119	0.0
19	119	3.99
20	119	3.7
21	119	0.0
22	119	0.0
23	119	0.0
24	119	0.0
25	119	0.0
26	119	0.29
27	119	0.0
28	119	0.0
29	119	0.0
30	119	2.75
31	119	0.0
1	120	14.52
2	120	18.92
3	120	9.94
4	120	0.0
5	120	0.41
6	120	2.07
7	120	21.03
8	120	0.0
9	120	0.0
10	120	0.0
11	120	0.0
12	120	0.0
13	120	0.0
14	120	0.0
15	120	0.0
16	120	0.0
17	120	0.0
18	120	0.0
19	120	0.63
20	120	1.77
21	120	0.22
22	120	0.0
23	120	0.0
24	120	2.85
25	120	0.18
26	120	0.0
27	120	0.0
28	120	0.0
29	120	0.37
30	120	0.0
31	120	0.0
1	121	16.29
2	121	12.68
3	121	16.88
4	121	0.92
5	121	7.79
6	121	0.0
7	121	0.0
8	121	0.0
9	121	0.0
10	121	0.51
11	121	0.0
12	121	0.0
13	121	0.0
14	121	0.0
15	121	0.0
16	121	0.0
17	121	0.0
18	121	0.0
19	121	0.0
20	121	0.0
21	121	0.0
22	121	0.0
23	121	3.01
24	121	0.0
25	121	0.26
26	121	0.0
27	121	0.0
28	121	0.0
29	121	2.24
30	121	0.0
31	121	0.0
1	122	24.24
2	122	11.53
3	122	16.66
4	122	0.31
5	122	8.08
6	122	0.0
7	122	0.0
8	122	0.0
9	122	0.0
10	122	0.25
11	122	2.38
12	122	0.0
13	122	4.51
14	122	0.0
15	122	0.25
16	122	0.0
17	122	0.0
18	122	0.0
19	122	11.81
20	122	0.0
21	122	0.0
22	122	0.0
23	122	0.0
24	122	0.0
25	122	0.0
26	122	2.57
27	122	0.0
28	122	0.0
29	122	0.0
30	122	0.19
31	122	0.0
1	123	2.31
2	123	0.0
3	123	0.1
4	123	0.0
5	123	7.25
6	123	0.0
7	123	0.13
8	123	7.92
9	123	0.0
10	123	0.1
11	123	0.0
12	123	0.0
13	123	0.0
14	123	0.0
15	123	6.18
16	123	0.0
17	123	0.0
18	123	0.0
19	123	0.0
20	123	0.0
21	123	0.0
22	123	0.0
23	123	2.04
24	123	0.0
25	123	0.0
26	123	1.91
27	123	0.0
28	123	0.0
29	123	10.7
30	123	0.0
31	123	0.0
1	124	19.98
2	124	11.32
3	124	1.54
4	124	0.17
5	124	1.16
6	124	0.0
7	124	0.0
8	124	0.0
9	124	0.0
10	124	0.27
11	124	0.21
12	124	0.0
13	124	0.41
14	124	0.0
15	124	0.0
16	124	0.0
17	124	0.0
18	124	0.0
19	124	0.0
20	124	0.0
21	124	0.0
22	124	0.0
23	124	0.0
24	124	0.0
25	124	0.0
26	124	0.38
27	124	0.0
28	124	3.42
29	124	0.0
30	124	0.0
31	124	0.0
1	125	2.13
2	125	6.43
3	125	14.6
4	125	0.0
5	125	0.49
6	125	0.0
7	125	0.0
8	125	0.0
9	125	0.69
10	125	0.33
11	125	0.0
12	125	0.0
13	125	0.36
14	125	0.0
15	125	0.0
16	125	0.0
17	125	0.0
18	125	0.0
19	125	0.0
20	125	0.0
21	125	0.0
22	125	0.0
23	125	0.0
24	125	0.0
25	125	0.0
26	125	0.0
27	125	27.9
28	125	0.0
29	125	0.0
30	125	0.0
31	125	0.0
1	126	1.5
2	126	13.34
3	126	3.66
4	126	0.0
5	126	0.49
6	126	0.0
7	126	0.07
8	126	0.0
9	126	1.74
10	126	0.1
11	126	0.1
12	126	0.0
13	126	0.0
14	126	0.07
15	126	0.0
16	126	0.0
17	126	0.0
18	126	0.0
19	126	0.0
20	126	0.0
21	126	0.0
22	126	0.0
23	126	0.0
24	126	14.03
25	126	4.0
26	126	1.46
27	126	0.0
28	126	0.0
29	126	0.0
30	126	0.0
31	126	0.0
1	127	42.18
2	127	2.29
3	127	6.81
4	127	0.03
5	127	0.13
6	127	1.27
7	127	5.44
8	127	0.0
9	127	0.0
10	127	0.0
11	127	0.0
12	127	1.37
13	127	0.0
14	127	0.0
15	127	0.0
16	127	0.0
17	127	0.0
18	127	0.0
19	127	0.0
20	127	2.04
21	127	1.88
22	127	0.0
23	127	1.88
24	127	0.45
25	127	1.46
26	127	0.41
27	127	0.0
28	127	0.0
29	127	0.0
30	127	0.03
31	127	0.0
1	128	28.43
2	128	10.52
3	128	19.94
4	128	0.2
5	128	0.0
6	128	0.0
7	128	0.0
8	128	0.0
9	128	0.0
10	128	0.0
11	128	0.0
12	128	0.0
13	128	4.88
14	128	0.0
15	128	0.0
16	128	0.0
17	128	0.0
18	128	0.0
19	128	0.0
20	128	0.0
21	128	0.0
22	128	0.0
23	128	0.0
24	128	0.0
25	128	0.0
26	128	2.12
27	128	0.0
28	128	0.0
29	128	0.0
30	128	0.23
31	128	0.0
1	129	14.04
2	129	5.99
3	129	3.61
4	129	1.58
5	129	0.0
6	129	0.0
7	129	0.0
8	129	0.0
9	129	0.0
10	129	0.0
11	129	0.0
12	129	0.0
13	129	0.0
14	129	0.0
15	129	0.0
16	129	0.0
17	129	0.0
18	129	0.0
19	129	0.0
20	129	0.0
21	129	0.0
22	129	4.65
23	129	0.0
24	129	0.0
25	129	0.0
26	129	0.0
27	129	0.0
28	129	0.38
29	129	0.0
30	129	0.0
31	129	0.0
1	130	5.91
2	130	8.03
3	130	9.05
4	130	0.0
5	130	2.16
6	130	0.0
7	130	16.51
8	130	0.0
9	130	0.0
10	130	0.3
11	130	1.14
12	130	0.0
13	130	0.04
14	130	0.0
15	130	0.0
16	130	0.0
17	130	0.0
18	130	0.0
19	130	0.23
20	130	2.95
21	130	0.0
22	130	0.0
23	130	0.0
24	130	1.44
25	130	0.08
26	130	2.69
27	130	0.0
28	130	0.0
29	130	0.0
30	130	0.0
31	130	0.0
1	131	36.61
2	131	4.91
3	131	5.26
4	131	0.42
5	131	21.52
6	131	0.0
7	131	0.0
8	131	0.0
9	131	0.0
10	131	0.55
11	131	0.38
12	131	0.0
13	131	0.21
14	131	0.0
15	131	0.0
16	131	0.0
17	131	0.0
18	131	0.0
19	131	0.31
20	131	1.0
21	131	0.0
22	131	0.0
23	131	1.14
24	131	0.0
25	131	0.0
26	131	0.14
27	131	0.0
28	131	1.28
29	131	4.98
30	131	0.0
31	131	0.0
1	132	8.31
2	132	1.12
3	132	1.12
4	132	0.0
5	132	5.42
6	132	0.0
7	132	0.0
8	132	0.0
9	132	0.0
10	132	0.0
11	132	0.06
12	132	9.14
13	132	0.0
14	132	0.99
15	132	0.0
16	132	0.0
17	132	0.0
18	132	0.0
19	132	36.89
20	132	0.0
21	132	0.0
22	132	0.0
23	132	0.0
24	132	0.0
25	132	0.0
26	132	0.51
27	132	0.0
28	132	0.13
29	132	0.1
30	132	0.13
31	132	0.0
1	133	15.87
2	133	7.03
3	133	17.33
4	133	0.0
5	133	0.46
6	133	0.0
7	133	18.18
8	133	0.0
9	133	0.0
10	133	0.0
11	133	0.0
12	133	1.08
13	133	0.0
14	133	0.0
15	133	0.0
16	133	0.0
17	133	0.0
18	133	0.0
19	133	0.0
20	133	3.04
21	133	0.04
22	133	0.0
23	133	0.0
24	133	2.19
25	133	0.27
26	133	1.04
27	133	0.0
28	133	0.0
29	133	1.81
30	133	0.0
31	133	0.0
1	134	22.34
2	134	4.86
3	134	8.72
4	134	0.0
5	134	10.77
6	134	0.0
7	134	0.0
8	134	2.31
9	134	0.0
10	134	4.18
11	134	1.15
12	134	0.0
13	134	0.0
14	134	0.0
15	134	2.31
16	134	0.0
17	134	0.0
18	134	0.0
19	134	0.0
20	134	0.0
21	134	0.0
22	134	0.0
23	134	4.07
24	134	0.0
25	134	0.0
26	134	0.0
27	134	0.0
28	134	0.0
29	134	8.61
30	134	0.0
31	134	0.0
1	135	4.13
2	135	13.37
3	135	10.56
4	135	0.16
5	135	0.0
6	135	0.0
7	135	0.44
8	135	2.71
9	135	0.0
10	135	0.0
11	135	0.0
12	135	0.0
13	135	0.0
14	135	0.0
15	135	3.63
16	135	0.0
17	135	0.0
18	135	0.06
19	135	0.0
20	135	0.0
21	135	0.0
22	135	0.0
23	135	0.0
24	135	0.0
25	135	0.0
26	135	0.0
27	135	0.0
28	135	0.0
29	135	0.0
30	135	0.0
31	135	0.0
1	136	43.61
2	136	13.81
3	136	6.5
4	136	0.37
5	136	0.3
6	136	0.0
7	136	0.0
8	136	0.0
9	136	0.0
10	136	1.51
11	136	0.34
12	136	0.0
13	136	1.31
14	136	0.0
15	136	0.0
16	136	0.0
17	136	0.0
18	136	0.0
19	136	0.4
20	136	0.0
21	136	0.0
22	136	0.0
23	136	0.0
24	136	0.0
25	136	0.0
26	136	0.0
27	136	0.0
28	136	0.84
29	136	0.0
30	136	0.0
31	136	0.0
1	137	1.96
2	137	3.02
3	137	19.27
4	137	0.06
5	137	0.0
6	137	0.0
7	137	7.04
8	137	0.0
9	137	0.0
10	137	0.0
11	137	0.0
12	137	0.18
13	137	0.0
14	137	0.0
15	137	0.0
16	137	0.0
17	137	0.0
18	137	0.0
19	137	0.0
20	137	1.51
21	137	0.0
22	137	0.0
23	137	0.0
24	137	0.0
25	137	0.0
26	137	0.0
27	137	0.0
28	137	0.0
29	137	0.0
30	137	0.0
31	137	0.0
1	138	5.37
2	138	24.36
3	138	7.39
4	138	0.24
5	138	1.46
6	138	0.0
7	138	0.0
8	138	0.0
9	138	0.0
10	138	1.5
11	138	2.3
12	138	0.0
13	138	0.14
14	138	0.0
15	138	0.0
16	138	0.0
17	138	0.0
18	138	0.03
19	138	0.84
20	138	0.0
21	138	0.0
22	138	0.0
23	138	0.0
24	138	0.0
25	138	2.79
26	138	11.75
27	138	0.0
28	138	0.0
29	138	0.0
30	138	0.0
31	138	0.0
1	139	1.82
2	139	1.92
3	139	16.71
4	139	0.0
5	139	0.0
6	139	0.0
7	139	39.03
8	139	0.0
9	139	0.0
10	139	0.0
11	139	0.0
12	139	0.0
13	139	0.0
14	139	0.0
15	139	0.0
16	139	0.0
17	139	0.0
18	139	0.0
19	139	0.0
20	139	0.0
21	139	0.0
22	139	0.0
23	139	0.0
24	139	0.0
25	139	0.0
26	139	0.0
27	139	0.0
28	139	0.0
29	139	0.0
30	139	0.0
31	139	0.0
1	140	6.28
2	140	18.0
3	140	9.88
4	140	0.38
5	140	0.42
6	140	8.73
7	140	3.98
8	140	0.0
9	140	0.0
10	140	1.15
11	140	0.0
12	140	0.15
13	140	0.0
14	140	0.0
15	140	0.0
16	140	0.0
17	140	0.0
18	140	0.0
19	140	0.0
20	140	0.0
21	140	0.54
22	140	0.0
23	140	0.0
24	140	0.84
25	140	0.0
26	140	0.0
27	140	0.0
28	140	0.0
29	140	0.0
30	140	0.0
31	140	0.0
1	141	11.41
2	141	7.16
3	141	11.15
4	141	0.0
5	141	4.05
6	141	0.0
7	141	7.36
8	141	0.0
9	141	0.0
10	141	0.84
11	141	0.49
12	141	1.36
13	141	0.13
14	141	0.45
15	141	0.0
16	141	0.0
17	141	0.0
18	141	0.0
19	141	0.0
20	141	0.0
21	141	1.78
22	141	0.0
23	141	0.0
24	141	16.27
25	141	0.58
26	141	0.26
27	141	0.0
28	141	0.0
29	141	0.84
30	141	0.0
31	141	0.0
1	142	22.84
2	142	15.69
3	142	3.82
4	142	0.07
5	142	0.0
6	142	0.0
7	142	7.92
8	142	0.04
9	142	0.0
10	142	0.0
11	142	0.0
12	142	0.88
13	142	0.0
14	142	0.21
15	142	0.0
16	142	0.0
17	142	0.0
18	142	0.0
19	142	0.0
20	142	0.95
21	142	2.35
22	142	0.0
23	142	0.39
24	142	2.03
25	142	1.82
26	142	2.94
27	142	0.0
28	142	0.0
29	142	4.87
30	142	0.14
31	142	0.0
1	143	29.87
2	143	13.67
3	143	0.0
4	143	0.0
5	143	0.0
6	143	0.0
7	143	0.0
8	143	0.0
9	143	0.0
10	143	0.0
11	143	0.0
12	143	0.0
13	143	0.0
14	143	0.0
15	143	0.0
16	143	0.49
17	143	0.0
18	143	0.0
19	143	0.0
20	143	0.0
21	143	0.0
22	143	0.0
23	143	0.0
24	143	0.0
25	143	0.0
26	143	0.91
27	143	0.0
28	143	0.0
29	143	0.0
30	143	0.0
31	143	0.0
1	144	0.0
2	144	0.0
3	144	0.0
4	144	0.0
5	144	0.0
6	144	0.0
7	144	0.0
8	144	0.0
9	144	0.0
10	144	0.0
11	144	0.0
12	144	0.0
13	144	0.0
14	144	0.0
15	144	0.0
16	144	0.0
17	144	16.98
18	144	0.0
19	144	0.0
20	144	0.0
21	144	0.0
22	144	0.0
23	144	0.0
24	144	0.0
25	144	0.0
26	144	0.16
27	144	0.0
28	144	0.0
29	144	0.0
30	144	0.0
31	144	0.0
1	145	18.73
2	145	11.28
3	145	13.31
4	145	0.8
5	145	0.07
6	145	0.0
7	145	1.81
8	145	0.0
9	145	0.0
10	145	0.0
11	145	0.0
12	145	1.88
13	145	0.0
14	145	0.0
15	145	0.0
16	145	0.0
17	145	0.0
18	145	0.0
19	145	0.0
20	145	0.0
21	145	0.0
22	145	0.0
23	145	0.0
24	145	0.0
25	145	0.0
26	145	0.0
27	145	0.0
28	145	0.0
29	145	0.0
30	145	0.0
31	145	0.0
1	146	41.21
2	146	0.49
3	146	0.81
4	146	0.06
5	146	0.73
6	146	0.0
7	146	0.0
8	146	0.0
9	146	0.0
10	146	0.0
11	146	0.12
12	146	2.32
13	146	0.0
14	146	0.0
15	146	0.0
16	146	0.0
17	146	0.0
18	146	0.0
19	146	0.26
20	146	0.0
21	146	0.0
22	146	0.0
23	146	0.0
24	146	0.0
25	146	0.0
26	146	2.7
27	146	0.0
28	146	16.27
29	146	0.0
30	146	0.0
31	146	0.0
1	147	31.18
2	147	7.94
3	147	10.76
4	147	0.45
5	147	2.08
6	147	0.0
7	147	11.54
8	147	0.0
9	147	0.0
10	147	1.37
11	147	0.85
12	147	0.0
13	147	0.26
14	147	0.22
15	147	0.0
16	147	0.0
17	147	0.0
18	147	0.04
19	147	0.93
20	147	0.71
21	147	0.0
22	147	0.0
23	147	0.0
24	147	0.0
25	147	0.0
26	147	0.0
27	147	0.0
28	147	0.52
29	147	0.0
30	147	0.0
31	147	0.0
1	148	17.63
2	148	11.72
3	148	9.75
4	148	0.0
5	148	1.65
6	148	0.0
7	148	0.52
8	148	0.0
9	148	0.0
10	148	0.13
11	148	0.0
12	148	22.12
13	148	0.0
14	148	0.0
15	148	0.0
16	148	0.0
17	148	0.0
18	148	0.0
19	148	0.42
20	148	0.0
21	148	0.42
22	148	0.0
23	148	0.0
24	148	0.0
25	148	1.32
26	148	0.0
27	148	1.49
28	148	0.0
29	148	0.0
30	148	0.74
31	148	0.0
1	149	30.16
2	149	17.19
3	149	0.46
4	149	0.03
5	149	1.09
6	149	0.0
7	149	0.6
8	149	0.0
9	149	0.0
10	149	0.0
11	149	0.0
12	149	1.63
13	149	0.0
14	149	2.26
15	149	0.0
16	149	0.0
17	149	0.0
18	149	0.0
19	149	0.0
20	149	0.0
21	149	0.46
22	149	0.0
23	149	0.0
24	149	0.0
25	149	3.45
26	149	0.0
27	149	0.0
28	149	0.0
29	149	0.0
30	149	2.49
31	149	0.0
1	150	4.94
2	150	2.43
3	150	1.37
4	150	0.0
5	150	6.59
6	150	0.0
7	150	1.22
8	150	0.0
9	150	0.0
10	150	0.0
11	150	0.0
12	150	0.0
13	150	0.0
14	150	0.0
15	150	0.0
16	150	0.0
17	150	0.0
18	150	0.0
19	150	0.51
20	150	0.0
21	150	0.0
22	150	28.47
23	150	0.31
24	150	0.0
25	150	0.0
26	150	0.0
27	150	0.0
28	150	0.0
29	150	1.84
30	150	0.0
31	150	0.0
1	151	18.85
2	151	1.35
3	151	1.62
4	151	0.04
5	151	4.95
6	151	0.0
7	151	0.0
8	151	0.0
9	151	0.0
10	151	0.0
11	151	0.0
12	151	0.44
13	151	0.0
14	151	0.0
15	151	0.0
16	151	0.0
17	151	0.0
18	151	0.0
19	151	0.0
20	151	0.0
21	151	0.0
22	151	0.0
23	151	1.11
24	151	0.0
25	151	0.0
26	151	0.0
27	151	0.0
28	151	2.53
29	151	0.0
30	151	4.67
31	151	0.0
1	152	23.27
2	152	1.63
3	152	0.0
4	152	0.0
5	152	1.18
6	152	0.0
7	152	0.0
8	152	0.0
9	152	0.0
10	152	0.0
11	152	0.0
12	152	0.0
13	152	0.0
14	152	0.0
15	152	0.0
16	152	0.0
17	152	0.0
18	152	0.0
19	152	0.0
20	152	0.0
21	152	0.0
22	152	0.0
23	152	0.0
24	152	0.0
25	152	0.0
26	152	2.67
27	152	1.77
28	152	1.42
29	152	0.0
30	152	0.0
31	152	0.0
1	153	0.0
2	153	1.89
3	153	31.11
4	153	0.0
5	153	0.0
6	153	0.0
7	153	11.5
8	153	0.0
9	153	0.0
10	153	0.0
11	153	0.0
12	153	0.0
13	153	0.0
14	153	0.13
15	153	0.0
16	153	0.0
17	153	0.0
18	153	0.0
19	153	0.0
20	153	1.05
21	153	0.0
22	153	0.0
23	153	0.0
24	153	0.0
25	153	0.0
26	153	8.07
27	153	0.0
28	153	0.0
29	153	0.0
30	153	0.0
31	153	0.0
1	154	9.56
2	154	1.52
3	154	10.03
4	154	0.0
5	154	0.61
6	154	0.0
7	154	22.19
8	154	0.0
9	154	0.0
10	154	0.0
11	154	0.32
12	154	0.83
13	154	5.52
14	154	0.0
15	154	0.0
16	154	0.0
17	154	0.0
18	154	0.0
19	154	0.0
20	154	0.36
21	154	0.14
22	154	0.0
23	154	0.0
24	154	0.0
25	154	0.0
26	154	0.25
27	154	0.0
28	154	0.0
29	154	0.04
30	154	1.37
31	154	0.0
1	155	42.45
2	155	5.56
3	155	1.45
4	155	0.2
5	155	11.46
6	155	0.0
7	155	0.0
8	155	0.0
9	155	0.0
10	155	0.03
11	155	0.0
12	155	0.99
13	155	0.0
14	155	0.0
15	155	0.03
16	155	0.0
17	155	0.0
18	155	0.0
19	155	0.0
20	155	0.0
21	155	0.0
22	155	0.0
23	155	0.15
24	155	0.0
25	155	0.2
26	155	0.0
27	155	0.0
28	155	3.81
29	155	4.51
30	155	0.0
31	155	0.0
1	156	24.28
2	156	6.42
3	156	2.38
4	156	0.6
5	156	1.28
6	156	0.0
7	156	0.0
8	156	0.0
9	156	0.0
10	156	4.87
11	156	3.74
12	156	0.0
13	156	0.23
14	156	0.0
15	156	1.4
16	156	0.0
17	156	0.0
18	156	0.0
19	156	0.87
20	156	0.0
21	156	0.0
22	156	0.0
23	156	0.0
24	156	0.0
25	156	0.0
26	156	0.0
27	156	0.0
28	156	0.0
29	156	0.0
30	156	0.0
31	156	0.0
1	157	24.53
2	157	11.71
3	157	2.02
4	157	0.0
5	157	1.35
6	157	0.0
7	157	0.0
8	157	0.0
9	157	0.0
10	157	0.0
11	157	0.0
12	157	0.0
13	157	0.0
14	157	0.0
15	157	0.0
16	157	0.0
17	157	0.0
18	157	0.0
19	157	0.0
20	157	0.0
21	157	0.0
22	157	0.0
23	157	0.0
24	157	0.0
25	157	0.0
26	157	0.0
27	157	0.0
28	157	0.0
29	157	0.0
30	157	0.26
31	157	0.0
1	158	2.13
2	158	4.9
3	158	21.87
4	158	0.0
5	158	0.0
6	158	0.0
7	158	21.63
8	158	0.0
9	158	0.0
10	158	0.0
11	158	0.0
12	158	0.0
13	158	0.0
14	158	0.0
15	158	0.0
16	158	7.03
17	158	0.0
18	158	0.0
19	158	0.0
20	158	0.59
21	158	0.0
22	158	0.0
23	158	0.0
24	158	0.0
25	158	0.0
26	158	0.36
27	158	0.0
28	158	0.0
29	158	0.0
30	158	0.0
31	158	0.0
1	159	5.28
2	159	3.01
3	159	2.76
4	159	0.35
5	159	0.82
6	159	0.0
7	159	0.0
8	159	0.0
9	159	0.0
10	159	0.18
11	159	0.0
12	159	0.0
13	159	0.0
14	159	0.0
15	159	0.0
16	159	0.0
17	159	0.0
18	159	0.0
19	159	1.03
20	159	0.0
21	159	0.0
22	159	0.0
23	159	1.17
24	159	0.0
25	159	0.0
26	159	0.0
27	159	9.39
28	159	0.0
29	159	0.0
30	159	0.0
31	159	0.0
1	160	12.62
2	160	11.21
3	160	9.94
4	160	0.78
5	160	0.63
6	160	0.0
7	160	9.05
8	160	0.0
9	160	0.0
10	160	0.15
11	160	0.0
12	160	0.11
13	160	0.0
14	160	0.0
15	160	0.0
16	160	0.0
17	160	0.0
18	160	0.0
19	160	0.0
20	160	0.0
21	160	1.08
22	160	0.0
23	160	1.6
24	160	6.53
25	160	0.0
26	160	0.37
27	160	0.0
28	160	0.0
29	160	1.89
30	160	0.0
31	160	0.0
1	161	42.23
2	161	9.46
3	161	0.0
4	161	0.0
5	161	0.96
6	161	0.0
7	161	0.0
8	161	0.0
9	161	0.0
10	161	0.0
11	161	3.15
12	161	0.58
13	161	0.0
14	161	0.0
15	161	0.0
16	161	0.0
17	161	0.0
18	161	0.0
19	161	0.0
20	161	0.0
21	161	0.0
22	161	0.0
23	161	0.0
24	161	0.06
25	161	0.61
26	161	1.03
27	161	0.0
28	161	1.67
29	161	0.0
30	161	1.16
31	161	0.0
1	162	0.0
2	162	0.0
3	162	10.53
4	162	0.0
5	162	0.0
6	162	0.0
7	162	23.68
8	162	0.0
9	162	0.0
10	162	0.0
11	162	0.0
12	162	0.0
13	162	0.0
14	162	0.0
15	162	0.0
16	162	0.0
17	162	0.0
18	162	0.0
19	162	0.0
20	162	4.21
21	162	2.22
22	162	0.0
23	162	0.0
24	162	3.95
25	162	0.0
26	162	0.0
27	162	0.0
28	162	0.0
29	162	3.99
30	162	0.0
31	162	0.0
1	163	20.45
2	163	13.79
3	163	3.87
4	163	0.0
5	163	9.88
6	163	0.0
7	163	0.0
8	163	0.0
9	163	0.0
10	163	0.64
11	163	0.52
12	163	0.0
13	163	0.32
14	163	0.0
15	163	0.0
16	163	0.0
17	163	0.0
18	163	0.0
19	163	0.6
20	163	0.44
21	163	0.0
22	163	0.0
23	163	0.32
24	163	1.0
25	163	1.04
26	163	0.0
27	163	0.0
28	163	0.0
29	163	0.0
30	163	0.0
31	163	0.0
1	164	17.79
2	164	6.18
3	164	3.63
4	164	0.0
5	164	5.82
6	164	0.0
7	164	0.0
8	164	0.0
9	164	0.0
10	164	0.0
11	164	0.0
12	164	0.0
13	164	0.0
14	164	0.0
15	164	0.0
16	164	0.9
17	164	0.0
18	164	0.0
19	164	0.0
20	164	0.0
21	164	0.0
22	164	0.0
23	164	0.0
24	164	0.0
25	164	0.0
26	164	0.0
27	164	0.0
28	164	0.0
29	164	0.0
30	164	0.0
31	164	0.0
1	165	17.93
2	165	16.65
3	165	6.51
4	165	0.0
5	165	4.51
6	165	0.0
7	165	0.0
8	165	0.0
9	165	0.0
10	165	0.0
11	165	0.0
12	165	0.0
13	165	0.0
14	165	0.0
15	165	0.0
16	165	1.38
17	165	0.0
18	165	0.0
19	165	0.0
20	165	0.0
21	165	0.0
22	165	0.0
23	165	0.15
24	165	0.0
25	165	0.0
26	165	0.0
27	165	0.0
28	165	0.0
29	165	0.0
30	165	0.0
31	165	0.0
1	166	2.41
2	166	12.45
3	166	25.6
4	166	0.0
5	166	3.07
6	166	0.0
7	166	5.18
8	166	0.0
9	166	0.0
10	166	0.0
11	166	1.32
12	166	0.0
13	166	0.16
14	166	0.0
15	166	0.0
16	166	0.0
17	166	0.0
18	166	0.0
19	166	0.16
20	166	2.1
21	166	0.0
22	166	0.0
23	166	0.0
24	166	0.0
25	166	0.0
26	166	0.0
27	166	0.0
28	166	0.0
29	166	0.0
30	166	0.0
31	166	0.0
1	167	15.95
2	167	11.94
3	167	9.2
4	167	0.37
5	167	5.33
6	167	0.0
7	167	0.0
8	167	15.47
9	167	0.0
10	167	3.83
11	167	2.48
12	167	0.0
13	167	0.37
14	167	0.0
15	167	6.99
16	167	0.0
17	167	0.0
18	167	0.0
19	167	0.0
20	167	0.0
21	167	0.0
22	167	0.0
23	167	0.14
24	167	0.2
25	167	1.56
26	167	0.0
27	167	0.0
28	167	0.0
29	167	0.0
30	167	0.0
31	167	0.0
1	168	34.56
2	168	12.47
3	168	2.08
4	168	0.0
5	168	3.28
6	168	0.0
7	168	0.0
8	168	0.0
9	168	0.0
10	168	0.03
11	168	0.0
12	168	1.47
13	168	0.0
14	168	0.0
15	168	0.0
16	168	0.0
17	168	0.0
18	168	0.0
19	168	0.17
20	168	0.0
21	168	0.0
22	168	0.0
23	168	0.0
24	168	0.0
25	168	1.13
26	168	0.0
27	168	0.0
28	168	2.6
29	168	0.0
30	168	4.1
31	168	0.0
1	169	1.31
2	169	14.21
3	169	11.55
4	169	0.0
5	169	3.4
6	169	0.0
7	169	4.83
8	169	0.0
9	169	0.0
10	169	0.0
11	169	0.0
12	169	0.0
13	169	0.0
14	169	0.0
15	169	0.0
16	169	0.0
17	169	0.0
18	169	0.0
19	169	0.0
20	169	0.0
21	169	0.16
22	169	0.0
23	169	0.0
24	169	0.33
25	169	0.25
26	169	2.17
27	169	1.02
28	169	0.0
29	169	0.0
30	169	0.0
31	169	0.0
1	170	17.39
2	170	12.25
3	170	8.33
4	170	5.68
5	170	2.89
6	170	0.0
7	170	0.88
8	170	0.0
9	170	0.0
10	170	0.0
11	170	0.0
12	170	6.08
13	170	0.0
14	170	0.0
15	170	0.0
16	170	0.0
17	170	0.0
18	170	0.0
19	170	0.0
20	170	0.59
21	170	0.49
22	170	0.0
23	170	0.0
24	170	25.58
25	170	1.71
26	170	0.69
27	170	0.0
28	170	0.0
29	170	1.81
30	170	0.0
31	170	0.0
1	171	3.27
2	171	12.12
3	171	3.12
4	171	0.0
5	171	7.8
6	171	0.0
7	171	0.0
8	171	0.0
9	171	0.0
10	171	0.0
11	171	0.04
12	171	1.31
13	171	0.0
14	171	0.07
15	171	0.0
16	171	0.0
17	171	0.0
18	171	0.0
19	171	0.0
20	171	0.0
21	171	0.0
22	171	0.0
23	171	0.0
24	171	0.0
25	171	0.0
26	171	0.4
27	171	0.0
28	171	0.0
29	171	0.0
30	171	0.0
31	171	0.0
1	172	32.61
2	172	2.24
3	172	0.22
4	172	0.18
5	172	0.96
6	172	0.26
7	172	0.0
8	172	0.0
9	172	2.57
10	172	0.0
11	172	0.0
12	172	0.99
13	172	0.0
14	172	0.0
15	172	0.0
16	172	0.0
17	172	0.0
18	172	0.0
19	172	0.0
20	172	0.0
21	172	0.0
22	172	0.0
23	172	1.91
24	172	0.0
25	172	0.0
26	172	0.0
27	172	0.0
28	172	0.0
29	172	1.99
30	172	6.25
31	172	0.0
1	173	0.0
2	173	1.77
3	173	3.46
4	173	0.0
5	173	0.0
6	173	0.0
7	173	32.43
8	173	0.0
9	173	0.51
10	173	0.0
11	173	0.0
12	173	0.0
13	173	0.0
14	173	0.0
15	173	0.0
16	173	0.0
17	173	0.0
18	173	0.0
19	173	0.0
20	173	4.18
21	173	0.0
22	173	0.0
23	173	0.0
24	173	5.15
25	173	0.13
26	173	0.0
27	173	0.0
28	173	0.0
29	173	1.39
30	173	0.0
31	173	0.0
1	174	19.54
2	174	3.15
3	174	7.32
4	174	0.85
5	174	9.06
6	174	0.0
7	174	0.0
8	174	2.0
9	174	4.43
10	174	0.0
11	174	0.33
12	174	0.0
13	174	0.0
14	174	0.0
15	174	0.0
16	174	0.0
17	174	0.0
18	174	0.0
19	174	0.43
20	174	0.0
21	174	0.0
22	174	0.0
23	174	0.0
24	174	0.0
25	174	0.0
26	174	0.0
27	174	0.0
28	174	0.0
29	174	0.0
30	174	0.0
31	174	0.0
1	175	41.59
2	175	10.69
3	175	8.83
4	175	0.04
5	175	8.65
6	175	0.0
7	175	0.0
8	175	0.0
9	175	0.0
10	175	0.62
11	175	0.0
12	175	0.0
13	175	0.0
14	175	0.0
15	175	0.0
16	175	0.0
17	175	0.0
18	175	0.0
19	175	4.05
20	175	0.0
21	175	0.0
22	175	0.0
23	175	0.0
24	175	0.0
25	175	0.0
26	175	1.2
27	175	0.0
28	175	0.88
29	175	0.0
30	175	0.0
31	175	0.0
1	176	44.56
2	176	0.26
3	176	1.73
4	176	0.0
5	176	6.81
6	176	0.0
7	176	0.0
8	176	16.82
9	176	3.99
10	176	2.56
11	176	2.15
12	176	1.32
13	176	0.15
14	176	0.26
15	176	1.62
16	176	0.0
17	176	0.0
18	176	0.0
19	176	3.42
20	176	0.0
21	176	0.0
22	176	0.0
23	176	0.0
24	176	0.0
25	176	0.0
26	176	0.0
27	176	0.0
28	176	0.68
29	176	0.0
30	176	6.02
31	176	0.0
1	177	6.87
2	177	5.69
3	177	13.34
4	177	1.74
5	177	0.0
6	177	0.0
7	177	6.01
8	177	0.0
9	177	0.28
10	177	0.0
11	177	9.5
12	177	0.0
13	177	0.0
14	177	0.0
15	177	0.0
16	177	0.0
17	177	0.0
18	177	0.0
19	177	0.0
20	177	7.19
21	177	0.0
22	177	0.0
23	177	0.04
24	177	1.0
25	177	0.78
26	177	0.11
27	177	0.0
28	177	0.0
29	177	0.28
30	177	0.0
31	177	0.0
1	178	4.57
2	178	4.37
3	178	9.88
4	178	0.55
5	178	0.08
6	178	0.0
7	178	17.41
8	178	0.0
9	178	0.62
10	178	0.0
11	178	20.3
12	178	0.0
13	178	0.0
14	178	0.0
15	178	0.0
16	178	0.0
17	178	0.0
18	178	0.0
19	178	0.0
20	178	4.53
21	178	0.0
22	178	0.0
23	178	0.27
24	178	0.0
25	178	0.0
26	178	0.0
27	178	0.0
28	178	0.0
29	178	0.98
30	178	0.0
31	178	0.0
1	179	0.27
2	179	7.01
3	179	3.66
4	179	0.0
5	179	0.46
6	179	0.0
7	179	11.12
8	179	0.0
9	179	0.88
10	179	0.0
11	179	0.0
12	179	0.65
13	179	0.0
14	179	0.11
15	179	0.0
16	179	0.0
17	179	0.0
18	179	0.0
19	179	0.0
20	179	0.0
21	179	0.0
22	179	0.0
23	179	0.23
24	179	0.04
25	179	0.0
26	179	0.0
27	179	0.0
28	179	0.0
29	179	4.27
30	179	0.0
31	179	0.0
1	180	7.64
2	180	4.92
3	180	26.0
4	180	0.76
5	180	1.73
6	180	0.0
7	180	0.0
8	180	2.77
9	180	1.08
10	180	0.42
11	180	0.03
12	180	0.85
13	180	0.0
14	180	0.0
15	180	2.46
16	180	0.0
17	180	0.0
18	180	0.0
19	180	1.58
20	180	0.0
21	180	0.0
22	180	0.0
23	180	0.0
24	180	0.0
25	180	0.0
26	180	0.0
27	180	0.0
28	180	0.0
29	180	0.0
30	180	0.0
31	180	0.0
1	181	3.73
2	181	0.53
3	181	0.6
4	181	0.0
5	181	24.81
6	181	0.0
7	181	0.0
8	181	0.0
9	181	0.0
10	181	0.0
11	181	0.0
12	181	3.23
13	181	0.0
14	181	0.0
15	181	0.0
16	181	0.0
17	181	0.0
18	181	0.0
19	181	0.0
20	181	0.0
21	181	0.0
22	181	0.0
23	181	2.59
24	181	0.0
25	181	0.0
26	181	0.0
27	181	0.0
28	181	0.32
29	181	10.44
30	181	3.05
31	181	0.0
1	182	9.82
2	182	6.37
3	182	6.19
4	182	7.39
5	182	3.69
6	182	0.0
7	182	0.0
8	182	0.0
9	182	0.0
10	182	0.0
11	182	0.12
12	182	0.0
13	182	0.0
14	182	0.0
15	182	0.0
16	182	0.0
17	182	0.0
18	182	0.0
19	182	0.86
20	182	0.0
21	182	0.0
22	182	0.0
23	182	0.0
24	182	0.0
25	182	0.0
26	182	0.89
27	182	0.0
28	182	0.0
29	182	0.0
30	182	0.0
31	182	0.0
1	183	19.5
2	183	1.24
3	183	0.64
4	183	0.0
5	183	0.0
6	183	0.0
7	183	0.0
8	183	0.29
9	183	0.25
10	183	0.38
11	183	0.0
12	183	0.0
13	183	0.0
14	183	0.0
15	183	0.0
16	183	0.0
17	183	0.0
18	183	0.0
19	183	0.0
20	183	0.0
21	183	0.0
22	183	0.0
23	183	0.0
24	183	0.0
25	183	0.0
26	183	0.0
27	183	0.0
28	183	0.38
29	183	0.0
30	183	0.0
31	183	0.0
1	184	7.9
2	184	12.02
3	184	8.98
4	184	0.0
5	184	1.05
6	184	0.0
7	184	21.36
8	184	0.0
9	184	0.82
10	184	0.33
11	184	0.0
12	184	0.0
13	184	0.0
14	184	0.0
15	184	0.0
16	184	0.0
17	184	0.0
18	184	0.0
19	184	0.65
20	184	0.75
21	184	0.0
22	184	0.0
23	184	0.0
24	184	0.16
25	184	0.82
26	184	0.39
27	184	0.0
28	184	0.0
29	184	2.45
30	184	0.0
31	184	0.0
1	185	10.86
2	185	1.31
3	185	4.66
4	185	0.0
5	185	2.79
6	185	0.0
7	185	13.02
8	185	1.98
9	185	0.46
10	185	0.71
11	185	0.42
12	185	1.83
13	185	0.0
14	185	0.0
15	185	0.6
16	185	0.0
17	185	0.0
18	185	0.0
19	185	0.42
20	185	8.32
21	185	0.0
22	185	0.0
23	185	0.0
24	185	0.14
25	185	0.0
26	185	0.92
27	185	0.0
28	185	0.0
29	185	0.71
30	185	1.09
31	185	0.0
1	186	32.41
2	186	4.78
3	186	0.09
4	186	0.0
5	186	1.77
6	186	0.0
7	186	0.0
8	186	0.37
9	186	0.2
10	186	0.28
11	186	1.05
12	186	0.23
13	186	0.17
14	186	0.0
15	186	0.0
16	186	0.0
17	186	0.0
18	186	0.0
19	186	16.46
20	186	0.0
21	186	0.0
22	186	0.0
23	186	0.0
24	186	0.0
25	186	0.0
26	186	0.48
27	186	0.0
28	186	0.0
29	186	0.4
30	186	0.0
31	186	0.0
1	187	0.0
2	187	0.0
3	187	7.66
4	187	0.0
5	187	0.0
6	187	0.0
7	187	36.5
8	187	0.0
9	187	0.35
10	187	0.0
11	187	0.0
12	187	0.0
13	187	0.0
14	187	0.0
15	187	0.0
16	187	0.0
17	187	0.0
18	187	0.0
19	187	0.0
20	187	1.38
21	187	0.0
22	187	0.0
23	187	0.0
24	187	0.0
25	187	0.0
26	187	0.21
27	187	0.0
28	187	0.0
29	187	0.67
30	187	0.0
31	187	0.0
1	188	46.75
2	188	10.63
3	188	0.87
4	188	0.0
5	188	8.68
6	188	0.0
7	188	0.0
8	188	0.0
9	188	0.0
10	188	2.71
11	188	0.0
12	188	0.0
13	188	0.0
14	188	0.52
15	188	0.0
16	188	0.0
17	188	0.0
18	188	0.0
19	188	0.0
20	188	0.0
21	188	0.0
22	188	0.0
23	188	0.0
24	188	0.66
25	188	1.29
26	188	0.14
27	188	0.0
28	188	0.0
29	188	0.0
30	188	0.0
31	188	0.0
1	189	12.27
2	189	12.58
3	189	6.72
4	189	0.31
5	189	0.0
6	189	0.0
7	189	0.0
8	189	0.0
9	189	0.0
10	189	0.0
11	189	0.0
12	189	0.0
13	189	0.0
14	189	9.17
15	189	0.0
16	189	0.0
17	189	0.0
18	189	0.0
19	189	0.0
20	189	0.0
21	189	0.0
22	189	0.0
23	189	0.0
24	189	2.48
25	189	0.65
26	189	1.45
27	189	0.0
28	189	0.0
29	189	0.0
30	189	0.0
31	189	0.0
1	190	4.19
2	190	3.42
3	190	1.62
4	190	0.06
5	190	45.42
6	190	0.0
7	190	0.0
8	190	0.12
9	190	0.71
10	190	1.62
11	190	0.06
12	190	0.0
13	190	0.09
14	190	0.0
15	190	0.12
16	190	0.0
17	190	0.0
18	190	0.0
19	190	0.5
20	190	0.0
21	190	0.0
22	190	0.0
23	190	0.0
24	190	0.0
25	190	0.0
26	190	0.0
27	190	0.0
28	190	0.0
29	190	0.56
30	190	0.0
31	190	0.0
1	191	28.04
2	191	8.54
3	191	12.72
4	191	1.0
5	191	4.21
6	191	0.0
7	191	0.0
8	191	0.0
9	191	0.0
10	191	0.0
11	191	0.0
12	191	0.0
13	191	0.7
14	191	0.0
15	191	0.0
16	191	0.0
17	191	0.0
18	191	0.0
19	191	3.51
20	191	0.0
21	191	0.0
22	191	0.0
23	191	0.0
24	191	0.0
25	191	0.0
26	191	0.79
27	191	0.0
28	191	0.0
29	191	0.0
30	191	2.06
31	191	0.0
1	192	13.79
2	192	1.54
3	192	25.96
4	192	0.9
5	192	2.22
6	192	0.0
7	192	2.7
8	192	0.0
9	192	0.0
10	192	0.0
11	192	0.0
12	192	0.0
13	192	0.0
14	192	0.0
15	192	0.0
16	192	0.0
17	192	0.0
18	192	0.0
19	192	0.0
20	192	0.0
21	192	0.0
22	192	0.0
23	192	0.0
24	192	0.0
25	192	0.0
26	192	5.86
27	192	0.0
28	192	0.0
29	192	0.0
30	192	0.0
31	192	0.0
1	193	10.09
2	193	4.47
3	193	16.7
4	193	0.34
5	193	6.38
6	193	0.0
7	193	1.26
8	193	0.0
9	193	0.0
10	193	0.0
11	193	0.0
12	193	1.61
13	193	0.11
14	193	0.04
15	193	0.0
16	193	0.0
17	193	0.0
18	193	0.0
19	193	0.38
20	193	0.0
21	193	0.0
22	193	0.0
23	193	0.0
24	193	0.31
25	193	0.0
26	193	0.23
27	193	0.0
28	193	0.0
29	193	0.0
30	193	0.0
31	193	0.0
1	194	48.37
2	194	0.75
3	194	4.31
4	194	0.0
5	194	6.19
6	194	0.0
7	194	0.0
8	194	11.04
9	194	0.0
10	194	0.0
11	194	0.0
12	194	6.92
13	194	0.0
14	194	0.03
15	194	0.0
16	194	0.0
17	194	0.0
18	194	0.0
19	194	0.0
20	194	0.0
21	194	0.0
22	194	0.0
23	194	0.0
24	194	0.0
25	194	0.0
26	194	0.38
27	194	0.0
28	194	0.0
29	194	0.0
30	194	2.42
31	194	0.0
1	195	27.81
2	195	11.05
3	195	8.95
4	195	0.0
5	195	4.2
6	195	0.0
7	195	5.74
8	195	0.0
9	195	0.0
10	195	0.0
11	195	0.0
12	195	0.0
13	195	0.0
14	195	0.0
15	195	0.0
16	195	0.0
17	195	0.0
18	195	0.0
19	195	1.48
20	195	0.89
21	195	0.0
22	195	0.0
23	195	0.0
24	195	0.0
25	195	0.0
26	195	0.0
27	195	0.0
28	195	0.0
29	195	0.0
30	195	0.0
31	195	0.0
1	196	4.38
2	196	5.85
3	196	2.04
4	196	0.8
5	196	7.42
6	196	0.0
7	196	0.9
8	196	0.0
9	196	0.0
10	196	0.0
11	196	0.0
12	196	0.0
13	196	0.0
14	196	0.0
15	196	0.0
16	196	0.0
17	196	0.0
18	196	0.0
19	196	0.0
20	196	0.0
21	196	0.0
22	196	0.0
23	196	0.0
24	196	0.0
25	196	0.0
26	196	0.17
27	196	0.0
28	196	0.0
29	196	0.0
30	196	0.0
31	196	0.0
1	197	15.33
2	197	7.35
3	197	10.46
4	197	0.83
5	197	11.56
6	197	0.0
7	197	4.67
8	197	0.0
9	197	4.37
10	197	0.13
11	197	0.0
12	197	0.0
13	197	0.0
14	197	0.0
15	197	0.0
16	197	0.0
17	197	0.0
18	197	0.0
19	197	0.0
20	197	5.3
21	197	0.0
22	197	0.0
23	197	0.07
24	197	0.63
25	197	1.16
26	197	3.18
27	197	0.0
28	197	0.0
29	197	1.69
30	197	0.0
31	197	0.0
1	198	22.3
2	198	0.99
3	198	0.95
4	198	0.0
5	198	0.0
6	198	0.0
7	198	25.18
8	198	0.0
9	198	0.0
10	198	0.0
11	198	0.0
12	198	0.0
13	198	0.0
14	198	0.0
15	198	0.0
16	198	0.0
17	198	0.0
18	198	0.0
19	198	0.0
20	198	1.97
21	198	0.91
22	198	0.0
23	198	0.0
24	198	0.0
25	198	0.0
26	198	0.0
27	198	0.0
28	198	1.2
29	198	0.0
30	198	0.0
31	198	0.0
1	199	19.96
2	199	21.2
3	199	22.15
4	199	0.11
5	199	0.0
6	199	0.0
7	199	5.06
8	199	4.14
9	199	0.0
10	199	0.0
11	199	0.0
12	199	0.0
13	199	0.0
14	199	0.0
15	199	0.0
16	199	0.0
17	199	0.0
18	199	0.0
19	199	0.0
20	199	0.0
21	199	0.0
22	199	0.0
23	199	0.0
24	199	0.0
25	199	0.0
26	199	0.0
27	199	0.0
28	199	0.0
29	199	0.0
30	199	0.0
31	199	0.0
1	200	10.07
2	200	3.72
3	200	7.25
4	200	0.0
5	200	0.4
6	200	0.0
7	200	11.82
8	200	0.0
9	200	3.78
10	200	0.0
11	200	0.0
12	200	0.92
13	200	0.0
14	200	0.0
15	200	0.0
16	200	1.32
17	200	0.0
18	200	0.0
19	200	0.0
20	200	0.0
21	200	0.68
22	200	0.0
23	200	0.0
24	200	1.38
25	200	0.34
26	200	0.0
27	200	1.63
28	200	0.0
29	200	0.61
30	200	0.98
31	200	1.54
1	201	6.76
2	201	10.25
3	201	8.29
4	201	0.22
5	201	0.0
6	201	0.0
7	201	2.18
8	201	0.0
9	201	2.47
10	201	0.0
11	201	0.0
12	201	0.0
13	201	0.0
14	201	0.0
15	201	0.0
16	201	7.38
17	201	0.0
18	201	0.0
19	201	0.0
20	201	0.0
21	201	0.58
22	201	0.0
23	201	0.0
24	201	0.0
25	201	0.0
26	201	2.58
27	201	0.0
28	201	0.25
29	201	0.0
30	201	0.0
31	201	0.0
1	202	5.51
2	202	4.27
3	202	4.16
4	202	0.0
5	202	6.34
6	202	0.0
7	202	0.0
8	202	0.0
9	202	0.0
10	202	0.0
11	202	0.0
12	202	0.0
13	202	0.0
14	202	0.0
15	202	0.0
16	202	0.0
17	202	14.1
18	202	0.19
19	202	10.12
20	202	0.0
21	202	0.0
22	202	0.0
23	202	0.0
24	202	0.0
25	202	0.0
26	202	0.67
27	202	0.0
28	202	0.0
29	202	0.0
30	202	0.0
31	202	0.0
1	203	46.1
2	203	1.82
3	203	1.41
4	203	2.69
5	203	12.02
6	203	0.0
7	203	0.0
8	203	0.0
9	203	0.0
10	203	0.0
11	203	0.0
12	203	0.0
13	203	0.0
14	203	0.0
15	203	0.0
16	203	0.0
17	203	0.0
18	203	0.0
19	203	0.0
20	203	0.0
21	203	0.0
22	203	0.0
23	203	0.0
24	203	0.0
25	203	0.0
26	203	3.0
27	203	0.0
28	203	0.0
29	203	0.0
30	203	0.0
31	203	0.0
1	204	18.13
2	204	11.09
3	204	5.62
4	204	0.19
5	204	0.9
6	204	0.0
7	204	15.77
8	204	0.0
9	204	0.55
10	204	0.0
11	204	0.0
12	204	0.0
13	204	0.0
14	204	0.23
15	204	0.0
16	204	0.0
17	204	0.0
18	204	0.0
19	204	0.0
20	204	1.2
21	204	1.58
22	204	0.0
23	204	0.0
24	204	0.16
25	204	11.51
26	204	0.52
27	204	0.0
28	204	0.0
29	204	1.55
30	204	0.0
31	204	0.0
1	205	1.18
2	205	1.06
3	205	15.07
4	205	0.0
5	205	0.58
6	205	0.0
7	205	4.23
8	205	4.54
9	205	0.0
10	205	0.0
11	205	0.0
12	205	3.02
13	205	0.0
14	205	0.0
15	205	0.0
16	205	0.0
17	205	0.0
18	205	0.0
19	205	0.0
20	205	4.0
21	205	0.0
22	205	0.0
23	205	0.0
24	205	0.0
25	205	0.0
26	205	0.0
27	205	0.0
28	205	0.0
29	205	0.0
30	205	0.23
31	205	0.0
1	206	5.72
2	206	0.0
3	206	1.53
4	206	0.0
5	206	0.0
6	206	0.0
7	206	2.37
8	206	0.0
9	206	0.0
10	206	0.0
11	206	0.0
12	206	0.0
13	206	0.0
14	206	0.0
15	206	0.0
16	206	0.0
17	206	0.0
18	206	0.0
19	206	0.0
20	206	1.41
21	206	0.0
22	206	0.0
23	206	0.0
24	206	0.0
25	206	0.0
26	206	1.5
27	206	0.0
28	206	3.72
29	206	0.0
30	206	0.0
31	206	0.0
1	207	0.0
2	207	0.0
3	207	0.0
4	207	0.0
5	207	0.0
6	207	0.0
7	207	0.0
8	207	0.0
9	207	0.0
10	207	0.0
11	207	0.0
12	207	0.0
13	207	0.0
14	207	0.0
15	207	0.0
16	207	0.0
17	207	0.0
18	207	0.0
19	207	0.0
20	207	0.0
21	207	0.0
22	207	0.0
23	207	0.0
24	207	0.0
25	207	0.0
26	207	0.43
27	207	3.87
28	207	0.0
29	207	0.0
30	207	0.0
31	207	0.0
1	208	0.0
2	208	0.0
3	208	0.0
4	208	0.0
5	208	0.0
6	208	0.0
7	208	0.0
8	208	0.0
9	208	0.0
10	208	0.0
11	208	0.0
12	208	0.0
13	208	0.0
14	208	0.0
15	208	0.0
16	208	0.0
17	208	0.0
18	208	0.0
19	208	0.0
20	208	0.0
21	208	0.0
22	208	0.0
23	208	0.0
24	208	0.0
25	208	0.0
26	208	0.0
27	208	0.0
28	208	1.71
29	208	0.0
30	208	0.0
31	208	0.0
1	209	3.87
2	209	2.47
3	209	7.75
4	209	0.14
5	209	0.0
6	209	0.0
7	209	27.28
8	209	0.0
9	209	0.0
10	209	0.0
11	209	0.21
12	209	0.0
13	209	0.0
14	209	0.0
15	209	0.0
16	209	0.0
17	209	0.0
18	209	0.0
19	209	0.0
20	209	15.52
21	209	0.0
22	209	0.0
23	209	0.0
24	209	0.0
25	209	1.34
26	209	6.41
27	209	0.0
28	209	0.0
29	209	0.0
30	209	0.0
31	209	0.0
1	210	21.3
2	210	8.75
3	210	5.12
4	210	0.06
5	210	3.42
6	210	0.0
7	210	0.0
8	210	0.0
9	210	0.0
10	210	0.06
11	210	0.82
12	210	0.0
13	210	0.0
14	210	0.0
15	210	0.0
16	210	0.0
17	210	0.0
18	210	0.0
19	210	0.06
20	210	0.0
21	210	0.0
22	210	0.0
23	210	0.0
24	210	8.03
25	210	0.0
26	210	0.85
27	210	0.0
28	210	4.39
29	210	0.0
30	210	0.0
31	210	0.0
1	211	6.63
2	211	4.83
3	211	5.91
4	211	0.0
5	211	1.44
6	211	0.0
7	211	0.0
8	211	0.0
9	211	0.0
10	211	0.0
11	211	0.0
12	211	1.84
13	211	1.05
14	211	0.0
15	211	0.0
16	211	0.0
17	211	0.0
18	211	1.05
19	211	28.97
20	211	0.0
21	211	0.0
22	211	0.0
23	211	0.0
24	211	0.0
25	211	0.0
26	211	0.86
27	211	0.0
28	211	0.0
29	211	0.0
30	211	0.0
31	211	0.0
1	212	0.4
2	212	3.01
3	212	0.33
4	212	0.0
5	212	0.0
6	212	0.0
7	212	0.0
8	212	0.0
9	212	1.21
10	212	0.0
11	212	0.0
12	212	21.8
13	212	0.0
14	212	1.21
15	212	0.0
16	212	0.0
17	212	0.0
18	212	0.0
19	212	0.0
20	212	0.0
21	212	0.0
22	212	0.0
23	212	0.0
24	212	0.0
25	212	0.0
26	212	0.0
27	212	23.01
28	212	0.0
29	212	0.0
30	212	0.0
31	212	0.0
1	213	20.19
2	213	2.04
3	213	2.07
4	213	0.0
5	213	6.01
6	213	0.0
7	213	19.26
8	213	0.06
9	213	0.0
10	213	0.03
11	213	0.24
12	213	0.27
13	213	0.0
14	213	0.0
15	213	0.0
16	213	0.0
17	213	0.0
18	213	0.0
19	213	0.0
20	213	0.0
21	213	0.0
22	213	0.0
23	213	0.78
24	213	0.0
25	213	0.0
26	213	0.36
27	213	0.0
28	213	0.36
29	213	0.0
30	213	6.76
31	213	0.0
1	214	40.02
2	214	28.92
3	214	2.8
4	214	0.0
5	214	2.07
6	214	0.0
7	214	0.0
8	214	0.0
9	214	0.0
10	214	3.77
11	214	1.14
12	214	0.0
13	214	0.0
14	214	0.0
15	214	0.0
16	214	0.0
17	214	0.0
18	214	0.0
19	214	0.0
20	214	0.0
21	214	0.0
22	214	0.0
23	214	0.0
24	214	0.0
25	214	0.0
26	214	0.29
27	214	0.0
28	214	0.0
29	214	0.0
30	214	0.0
31	214	0.0
1	215	0.0
2	215	0.0
3	215	0.0
4	215	0.0
5	215	17.55
6	215	0.0
7	215	0.0
8	215	0.0
9	215	0.0
10	215	0.0
11	215	0.0
12	215	1.01
13	215	0.0
14	215	0.0
15	215	0.0
16	215	0.0
17	215	0.0
18	215	0.0
19	215	0.0
20	215	0.0
21	215	0.0
22	215	0.0
23	215	1.25
24	215	0.0
25	215	0.0
26	215	0.0
27	215	0.0
28	215	0.0
29	215	3.64
30	215	0.0
31	215	0.0
1	216	5.54
2	216	11.19
3	216	20.6
4	216	0.43
5	216	0.6
6	216	0.0
7	216	16.37
8	216	0.0
9	216	0.0
10	216	0.0
11	216	0.0
12	216	0.0
13	216	0.0
14	216	0.0
15	216	0.0
16	216	0.0
17	216	0.0
18	216	0.0
19	216	0.0
20	216	16.73
21	216	0.0
22	216	0.0
23	216	0.0
24	216	1.46
25	216	0.39
26	216	3.16
27	216	0.0
28	216	0.92
29	216	0.0
30	216	0.0
31	216	0.0
1	217	10.77
2	217	12.47
3	217	17.85
4	217	0.1
5	217	1.5
6	217	0.0
7	217	2.44
8	217	1.74
9	217	1.57
10	217	0.27
11	217	0.0
12	217	4.41
13	217	0.0
14	217	0.0
15	217	0.0
16	217	0.0
17	217	0.0
18	217	0.0
19	217	0.0
20	217	1.77
21	217	0.0
22	217	0.0
23	217	0.0
24	217	0.0
25	217	0.0
26	217	1.04
27	217	0.0
28	217	0.0
29	217	0.0
30	217	0.0
31	217	0.0
1	218	17.51
2	218	6.37
3	218	3.8
4	218	0.0
5	218	16.5
6	218	0.0
7	218	1.06
8	218	0.0
9	218	0.0
10	218	0.31
11	218	2.03
12	218	0.0
13	218	0.09
14	218	0.0
15	218	0.0
16	218	0.0
17	218	0.0
18	218	0.0
19	218	0.09
20	218	0.0
21	218	0.0
22	218	0.0
23	218	0.0
24	218	0.0
25	218	0.0
26	218	0.0
27	218	2.87
28	218	0.31
29	218	0.0
30	218	0.0
31	218	0.0
1	219	22.92
2	219	5.67
3	219	12.21
4	219	0.37
5	219	1.31
6	219	0.0
7	219	0.0
8	219	1.65
9	219	1.03
10	219	0.34
11	219	3.89
12	219	16.47
13	219	0.06
14	219	0.0
15	219	0.0
16	219	0.0
17	219	0.0
18	219	0.03
19	219	0.0
20	219	0.0
21	219	0.0
22	219	0.0
23	219	0.0
24	219	0.0
25	219	0.0
26	219	0.0
27	219	0.0
28	219	0.0
29	219	0.0
30	219	6.45
31	219	0.0
1	220	0.37
2	220	0.0
3	220	1.8
4	220	0.0
5	220	0.0
6	220	0.0
7	220	33.54
8	220	0.0
9	220	0.0
10	220	0.0
11	220	0.0
12	220	0.0
13	220	0.0
14	220	0.0
15	220	0.0
16	220	0.0
17	220	0.0
18	220	0.0
19	220	0.0
20	220	11.01
21	220	0.0
22	220	0.0
23	220	0.0
24	220	0.0
25	220	0.0
26	220	0.68
27	220	0.0
28	220	0.0
29	220	0.58
30	220	0.0
31	220	0.0
1	221	34.66
2	221	2.02
3	221	3.95
4	221	0.13
5	221	2.94
6	221	0.0
7	221	0.0
8	221	0.41
9	221	0.0
10	221	0.09
11	221	1.17
12	221	0.0
13	221	1.55
14	221	0.0
15	221	0.0
16	221	0.0
17	221	0.0
18	221	0.0
19	221	3.76
20	221	0.0
21	221	0.0
22	221	0.0
23	221	0.85
24	221	0.0
25	221	0.0
26	221	0.0
27	221	0.0
28	221	4.08
29	221	0.0
30	221	0.28
31	221	0.0
1	222	9.69
2	222	10.17
3	222	4.09
4	222	0.24
5	222	0.34
6	222	0.0
7	222	0.0
8	222	0.0
9	222	1.09
10	222	0.0
11	222	0.0
12	222	0.0
13	222	0.0
14	222	0.0
15	222	0.0
16	222	0.0
17	222	0.0
18	222	0.0
19	222	0.0
20	222	0.0
21	222	0.0
22	222	0.0
23	222	0.0
24	222	0.0
25	222	0.0
26	222	1.5
27	222	11.29
28	222	0.68
29	222	0.0
30	222	0.0
31	222	0.0
1	223	31.29
2	223	1.47
3	223	1.09
4	223	1.12
5	223	2.65
6	223	0.0
7	223	0.0
8	223	0.0
9	223	0.0
10	223	0.0
11	223	0.15
12	223	0.0
13	223	0.0
14	223	0.0
15	223	0.0
16	223	0.0
17	223	0.0
18	223	0.0
19	223	0.0
20	223	0.0
21	223	0.0
22	223	0.0
23	223	0.0
24	223	0.0
25	223	0.0
26	223	0.88
27	223	2.91
28	223	2.09
29	223	0.0
30	223	0.0
31	223	0.0
1	224	17.43
2	224	4.59
3	224	2.05
4	224	0.0
5	224	2.4
6	224	0.0
7	224	7.16
8	224	0.0
9	224	0.6
10	224	1.8
11	224	0.0
12	224	0.0
13	224	0.0
14	224	0.0
15	224	0.0
16	224	0.0
17	224	0.0
18	224	0.0
19	224	0.42
20	224	0.0
21	224	0.14
22	224	0.0
23	224	1.2
24	224	1.09
25	224	0.63
26	224	0.0
27	224	0.0
28	224	0.71
29	224	2.5
30	224	0.0
31	224	0.0
1	225	21.55
2	225	4.12
3	225	18.26
4	225	0.39
5	225	0.54
6	225	0.0
7	225	2.15
8	225	0.0
9	225	0.0
10	225	0.0
11	225	0.0
12	225	0.0
13	225	0.0
14	225	0.0
15	225	0.0
16	225	0.0
17	225	0.0
18	225	0.0
19	225	0.0
20	225	1.36
21	225	0.0
22	225	0.0
23	225	0.0
24	225	0.0
25	225	0.0
26	225	0.0
27	225	0.0
28	225	0.0
29	225	0.0
30	225	0.0
31	225	0.0
1	226	17.08
2	226	7.64
3	226	9.81
4	226	1.8
5	226	1.47
6	226	0.0
7	226	0.0
8	226	0.0
9	226	0.0
10	226	0.0
11	226	0.44
12	226	0.0
13	226	0.0
14	226	0.0
15	226	0.0
16	226	0.0
17	226	0.0
18	226	0.0
19	226	0.0
20	226	0.0
21	226	0.0
22	226	0.0
23	226	0.0
24	226	0.0
25	226	0.0
26	226	0.0
27	226	0.0
28	226	0.0
29	226	0.0
30	226	0.0
31	226	0.0
1	227	55.71
2	227	7.29
3	227	0.0
4	227	0.07
5	227	5.06
6	227	0.0
7	227	0.0
8	227	0.0
9	227	0.0
10	227	0.18
11	227	0.68
12	227	0.0
13	227	0.04
14	227	0.0
15	227	0.0
16	227	0.0
17	227	0.0
18	227	0.0
19	227	0.0
20	227	0.0
21	227	0.0
22	227	0.0
23	227	0.0
24	227	0.0
25	227	3.19
26	227	0.0
27	227	0.0
28	227	0.0
29	227	0.0
30	227	0.0
31	227	0.0
1	228	4.73
2	228	7.76
3	228	13.59
4	228	0.0
5	228	13.07
6	228	0.0
7	228	0.0
8	228	0.0
9	228	0.0
10	228	1.06
11	228	0.64
12	228	3.55
13	228	0.0
14	228	0.0
15	228	0.0
16	228	0.85
17	228	0.0
18	228	0.03
19	228	0.24
20	228	0.0
21	228	0.0
22	228	0.0
23	228	1.3
24	228	0.0
25	228	0.0
26	228	0.0
27	228	0.0
28	228	0.0
29	228	1.49
30	228	0.0
31	228	0.0
1	229	12.24
2	229	13.18
3	229	17.83
4	229	1.07
5	229	0.0
6	229	0.0
7	229	0.0
8	229	0.0
9	229	0.0
10	229	0.0
11	229	0.0
12	229	0.0
13	229	0.0
14	229	0.0
15	229	0.0
16	229	0.0
17	229	0.0
18	229	0.0
19	229	0.0
20	229	0.0
21	229	0.0
22	229	0.0
23	229	0.0
24	229	0.0
25	229	0.0
26	229	0.0
27	229	30.75
28	229	0.0
29	229	0.0
30	229	0.0
31	229	0.0
1	230	41.56
2	230	8.49
3	230	0.98
4	230	0.15
5	230	2.87
6	230	0.0
7	230	0.0
8	230	0.58
9	230	7.26
10	230	0.15
11	230	0.25
12	230	0.0
13	230	4.86
14	230	0.0
15	230	1.27
16	230	0.0
17	230	0.0
18	230	0.0
19	230	0.29
20	230	0.0
21	230	0.0
22	230	0.0
23	230	0.0
24	230	0.0
25	230	0.0
26	230	3.59
27	230	0.0
28	230	0.11
29	230	0.0
30	230	0.0
31	230	0.0
1	231	4.85
2	231	1.7
3	231	6.02
4	231	0.0
5	231	19.48
6	231	0.0
7	231	23.03
8	231	0.38
9	231	0.0
10	231	1.29
11	231	0.06
12	231	1.32
13	231	0.0
14	231	0.0
15	231	0.0
16	231	0.0
17	231	0.0
18	231	0.0
19	231	0.0
20	231	2.61
21	231	0.0
22	231	0.0
23	231	0.29
24	231	0.0
25	231	0.0
26	231	1.76
27	231	0.0
28	231	0.0
29	231	4.08
30	231	0.76
31	231	0.0
1	232	28.65
2	232	18.65
3	232	2.48
4	232	0.0
5	232	0.0
6	232	0.0
7	232	0.0
8	232	0.0
9	232	0.0
10	232	0.0
11	232	0.66
12	232	0.0
13	232	9.17
14	232	0.0
15	232	0.0
16	232	0.0
17	232	0.0
18	232	0.0
19	232	0.0
20	232	0.0
21	232	0.0
22	232	0.0
23	232	0.0
24	232	0.17
25	232	0.0
26	232	0.53
27	232	0.0
28	232	0.0
29	232	0.0
30	232	0.0
31	232	0.0
1	233	23.99
2	233	8.65
3	233	1.19
4	233	0.0
5	233	0.0
6	233	0.0
7	233	9.17
8	233	0.0
9	233	0.0
10	233	0.0
11	233	0.0
12	233	1.1
13	233	0.0
14	233	0.28
15	233	0.0
16	233	0.0
17	233	0.0
18	233	0.0
19	233	0.0
20	233	1.65
21	233	2.23
22	233	0.0
23	233	0.0
24	233	4.0
25	233	1.19
26	233	2.48
27	233	0.0
28	233	0.4
29	233	5.38
30	233	0.0
31	233	0.0
1	234	5.57
2	234	1.36
3	234	1.15
4	234	10.93
5	234	24.19
6	234	0.0
7	234	0.0
8	234	0.0
9	234	0.0
10	234	0.0
11	234	0.0
12	234	0.0
13	234	0.0
14	234	0.0
15	234	0.0
16	234	0.0
17	234	0.0
18	234	0.0
19	234	0.0
20	234	0.0
21	234	0.0
22	234	0.0
23	234	1.22
24	234	0.0
25	234	0.0
26	234	0.14
27	234	0.0
28	234	0.0
29	234	12.36
30	234	0.9
31	234	0.0
1	235	8.72
2	235	6.36
3	235	15.94
4	235	1.27
5	235	2.88
6	235	0.0
7	235	28.78
8	235	0.0
9	235	0.07
10	235	0.0
11	235	0.0
12	235	0.37
13	235	0.0
14	235	0.0
15	235	0.0
16	235	0.0
17	235	0.0
18	235	0.0
19	235	0.26
20	235	9.92
21	235	0.0
22	235	0.0
23	235	0.0
24	235	0.0
25	235	0.0
26	235	0.0
27	235	0.0
28	235	0.0
29	235	0.0
30	235	0.0
31	235	0.0
1	236	6.15
2	236	2.54
3	236	18.42
4	236	0.24
5	236	5.94
6	236	0.0
7	236	1.7
8	236	0.0
9	236	0.73
10	236	0.55
11	236	1.12
12	236	6.42
13	236	0.0
14	236	0.0
15	236	0.0
16	236	13.24
17	236	0.0
18	236	0.0
19	236	0.48
20	236	0.0
21	236	0.0
22	236	0.0
23	236	0.0
24	236	0.0
25	236	0.0
26	236	0.33
27	236	0.0
28	236	0.0
29	236	0.0
30	236	0.0
31	236	0.0
1	237	24.37
2	237	15.92
3	237	6.12
4	237	0.24
5	237	3.89
6	237	0.0
7	237	0.0
8	237	0.0
9	237	0.0
10	237	0.0
11	237	0.98
12	237	0.0
13	237	0.0
14	237	0.0
15	237	0.0
16	237	0.0
17	237	0.0
18	237	0.0
19	237	1.52
20	237	0.0
21	237	0.0
22	237	0.0
23	237	0.0
24	237	0.0
25	237	0.0
26	237	0.0
27	237	0.0
28	237	1.35
29	237	0.0
30	237	0.0
31	237	0.0
1	238	28.75
2	238	3.0
3	238	0.03
4	238	0.0
5	238	21.79
6	238	0.0
7	238	0.0
8	238	0.0
9	238	0.0
10	238	0.21
11	238	0.82
12	238	0.0
13	238	0.0
14	238	0.0
15	238	0.0
16	238	0.0
17	238	0.0
18	238	0.0
19	238	0.0
20	238	0.0
21	238	0.0
22	238	0.0
23	238	0.0
24	238	0.0
25	238	0.0
26	238	0.0
27	238	0.0
28	238	1.33
29	238	0.0
30	238	0.0
31	238	0.0
1	239	6.06
2	239	5.91
3	239	8.94
4	239	0.18
5	239	5.35
6	239	0.0
7	239	24.31
8	239	2.88
9	239	0.53
10	239	0.79
11	239	1.44
12	239	0.41
13	239	0.0
14	239	0.0
15	239	0.0
16	239	0.0
17	239	0.0
18	239	0.0
19	239	0.5
20	239	4.2
21	239	0.0
22	239	0.0
23	239	0.0
24	239	0.12
25	239	0.0
26	239	0.53
27	239	1.94
28	239	0.0
29	239	2.18
30	239	0.0
31	239	0.0
1	240	35.37
2	240	1.06
3	240	0.6
4	240	0.0
5	240	0.66
6	240	0.0
7	240	0.0
8	240	0.0
9	240	0.0
10	240	0.0
11	240	0.0
12	240	11.24
13	240	3.79
14	240	0.0
15	240	0.0
16	240	0.0
17	240	0.0
18	240	0.0
19	240	0.23
20	240	0.0
21	240	4.06
22	240	0.0
23	240	0.0
24	240	0.0
25	240	0.0
26	240	0.27
27	240	0.0
28	240	0.0
29	240	0.0
30	240	1.3
31	240	0.0
1	241	0.0
2	241	0.0
3	241	0.0
4	241	0.0
5	241	0.0
6	241	0.0
7	241	0.0
8	241	0.0
9	241	0.0
10	241	0.0
11	241	0.0
12	241	0.0
13	241	0.0
14	241	0.0
15	241	0.0
16	241	0.0
17	241	0.0
18	241	0.0
19	241	0.0
20	241	0.0
21	241	0.0
22	241	0.0
23	241	0.0
24	241	0.0
25	241	0.0
26	241	0.0
27	241	0.0
28	241	0.0
29	241	0.0
30	241	0.0
31	241	0.0
1	242	0.49
2	242	14.33
3	242	0.26
4	242	0.0
5	242	0.06
6	242	0.0
7	242	0.0
8	242	0.0
9	242	0.29
10	242	0.0
11	242	0.0
12	242	22.67
13	242	0.0
14	242	11.71
15	242	0.0
16	242	0.0
17	242	0.0
18	242	0.0
19	242	0.0
20	242	0.0
21	242	0.0
22	242	0.0
23	242	0.0
24	242	0.0
25	242	1.31
26	242	1.45
27	242	0.0
28	242	0.0
29	242	0.0
30	242	0.67
31	242	0.0
1	243	27.99
2	243	22.0
3	243	12.2
4	243	0.51
5	243	1.45
6	243	0.0
7	243	0.0
8	243	0.0
9	243	0.0
10	243	0.0
11	243	1.27
12	243	4.21
13	243	0.0
14	243	0.0
15	243	0.0
16	243	0.0
17	243	0.0
18	243	0.0
19	243	0.0
20	243	0.0
21	243	0.0
22	243	0.0
23	243	0.0
24	243	0.0
25	243	0.22
26	243	0.0
27	243	0.0
28	243	0.0
29	243	0.0
30	243	1.16
31	243	0.0
1	244	23.6
2	244	3.86
3	244	10.64
4	244	0.92
5	244	6.84
6	244	0.0
7	244	9.63
8	244	0.0
9	244	0.0
10	244	1.39
11	244	2.85
12	244	0.0
13	244	0.29
14	244	0.0
15	244	0.0
16	244	0.0
17	244	0.0
18	244	0.0
19	244	3.36
20	244	1.17
21	244	0.0
22	244	0.0
23	244	0.0
24	244	0.0
25	244	0.0
26	244	1.62
27	244	0.0
28	244	0.0
29	244	0.0
30	244	0.0
31	244	0.0
1	245	23.08
2	245	3.74
3	245	2.76
4	245	1.16
5	245	8.19
6	245	0.0
7	245	2.73
8	245	0.0
9	245	0.0
10	245	0.0
11	245	0.16
12	245	0.0
13	245	0.0
14	245	0.0
15	245	0.0
16	245	0.0
17	245	0.0
18	245	0.0
19	245	0.16
20	245	0.0
21	245	0.0
22	245	0.0
23	245	0.0
24	245	0.0
25	245	0.0
26	245	0.44
27	245	5.49
28	245	0.0
29	245	0.0
30	245	0.0
31	245	0.0
1	246	27.2
2	246	12.4
3	246	12.13
4	246	1.13
5	246	1.95
6	246	0.0
7	246	6.56
8	246	0.0
9	246	0.0
10	246	1.61
11	246	0.55
12	246	0.0
13	246	0.0
14	246	0.0
15	246	0.0
16	246	0.0
17	246	0.0
18	246	0.0
19	246	0.75
20	246	1.84
21	246	0.0
22	246	0.0
23	246	0.0
24	246	0.0
25	246	0.0
26	246	0.31
27	246	0.0
28	246	0.31
29	246	0.0
30	246	0.0
31	246	0.0
1	247	3.11
2	247	0.44
3	247	2.38
4	247	0.0
5	247	9.1
6	247	0.0
7	247	0.0
8	247	22.81
9	247	1.12
10	247	1.94
11	247	0.62
12	247	8.49
13	247	0.09
14	247	0.0
15	247	1.91
16	247	0.0
17	247	0.0
18	247	0.0
19	247	0.97
20	247	0.0
21	247	0.0
22	247	0.0
23	247	0.0
24	247	0.0
25	247	0.0
26	247	0.26
27	247	0.0
28	247	0.0
29	247	0.0
30	247	0.0
31	247	0.0
1	248	36.82
2	248	14.58
3	248	8.97
4	248	0.24
5	248	3.7
6	248	0.0
7	248	1.03
8	248	0.0
9	248	0.0
10	248	0.0
11	248	0.0
12	248	0.0
13	248	0.0
14	248	0.0
15	248	0.0
16	248	0.0
17	248	0.0
18	248	0.0
19	248	0.0
20	248	0.0
21	248	0.0
22	248	0.0
23	248	0.0
24	248	0.0
25	248	0.0
26	248	2.94
27	248	0.0
28	248	0.0
29	248	0.0
30	248	0.0
31	248	0.0
1	249	13.05
2	249	7.03
3	249	10.62
4	249	0.51
5	249	0.0
6	249	0.0
7	249	8.71
8	249	5.15
9	249	4.07
10	249	0.24
11	249	2.78
12	249	2.78
13	249	0.57
14	249	0.0
15	249	0.0
16	249	0.0
17	249	0.0
18	249	0.0
19	249	0.99
20	249	1.5
21	249	0.0
22	249	0.0
23	249	0.0
24	249	0.0
25	249	0.0
26	249	0.0
27	249	0.0
28	249	0.0
29	249	0.63
30	249	3.41
31	249	0.0
1	250	29.87
2	250	0.44
3	250	5.12
4	250	0.0
5	250	3.0
6	250	0.0
7	250	15.16
8	250	1.71
9	250	2.46
10	250	0.58
11	250	0.31
12	250	0.2
13	250	0.0
14	250	0.0
15	250	0.0
16	250	0.0
17	250	0.0
18	250	0.0
19	250	0.0
20	250	5.87
21	250	0.0
22	250	0.0
23	250	0.0
24	250	1.74
25	250	0.0
26	250	0.38
27	250	0.0
28	250	0.0
29	250	0.0
30	250	8.64
31	250	0.0
1	251	0.0
2	251	0.0
3	251	0.0
4	251	0.0
5	251	0.0
6	251	0.0
7	251	1.67
8	251	0.0
9	251	0.0
10	251	0.0
11	251	0.0
12	251	0.0
13	251	0.0
14	251	0.0
15	251	0.0
16	251	0.0
17	251	0.0
18	251	0.82
19	251	0.0
20	251	0.16
21	251	0.23
22	251	0.0
23	251	0.13
24	251	1.44
25	251	0.1
26	251	18.61
27	251	0.0
28	251	0.0
29	251	7.13
30	251	0.0
31	251	0.0
1	252	26.67
2	252	3.64
3	252	0.93
4	252	0.73
5	252	13.24
6	252	0.0
7	252	3.38
8	252	0.0
9	252	0.83
10	252	0.0
11	252	0.22
12	252	0.0
13	252	0.0
14	252	0.0
15	252	0.0
16	252	0.0
17	252	0.0
18	252	0.0
19	252	1.21
20	252	0.29
21	252	0.32
22	252	0.0
23	252	0.0
24	252	0.0
25	252	0.0
26	252	0.96
27	252	0.0
28	252	0.0
29	252	17.42
30	252	0.0
31	252	0.0
1	253	3.77
2	253	6.36
3	253	11.44
4	253	0.09
5	253	0.51
6	253	0.0
7	253	12.4
8	253	0.0
9	253	0.0
10	253	0.0
11	253	0.0
12	253	0.0
13	253	0.0
14	253	0.0
15	253	0.0
16	253	0.0
17	253	0.0
18	253	0.0
19	253	12.37
20	253	0.57
21	253	0.0
22	253	11.63
23	253	0.0
24	253	0.0
25	253	0.0
26	253	4.77
27	253	0.0
28	253	0.0
29	253	0.0
30	253	0.0
31	253	0.0
1	254	30.93
2	254	11.43
3	254	5.45
4	254	0.93
5	254	20.7
6	254	0.0
7	254	0.0
8	254	0.0
9	254	0.0
10	254	0.14
11	254	0.0
12	254	0.0
13	254	0.0
14	254	0.0
15	254	0.0
16	254	0.0
17	254	0.0
18	254	0.0
19	254	0.0
20	254	0.0
21	254	0.0
22	254	0.0
23	254	0.65
24	254	0.0
25	254	0.0
26	254	0.0
27	254	0.0
28	254	1.46
29	254	5.56
30	254	0.0
31	254	0.0
1	255	17.45
2	255	7.01
3	255	8.38
4	255	0.9
5	255	0.57
6	255	0.0
7	255	11.97
8	255	1.5
9	255	0.8
10	255	0.0
11	255	0.13
12	255	0.0
13	255	0.0
14	255	0.0
15	255	0.0
16	255	0.0
17	255	0.0
18	255	0.0
19	255	0.17
20	255	0.93
21	255	0.0
22	255	0.0
23	255	0.0
24	255	0.0
25	255	0.0
26	255	6.35
27	255	0.0
28	255	0.0
29	255	0.0
30	255	0.0
31	255	0.0
1	256	14.34
2	256	21.71
3	256	3.91
4	256	0.06
5	256	0.54
6	256	0.0
7	256	16.58
8	256	3.2
9	256	1.11
10	256	0.0
11	256	0.0
12	256	0.51
13	256	0.0
14	256	0.21
15	256	0.0
16	256	0.0
17	256	0.0
18	256	0.0
19	256	0.0
20	256	1.82
21	256	0.0
22	256	0.0
23	256	0.0
24	256	1.43
25	256	0.0
26	256	1.61
27	256	0.0
28	256	0.0
29	256	0.0
30	256	0.63
31	256	0.0
1	257	10.99
2	257	19.52
3	257	5.49
4	257	0.0
5	257	0.55
6	257	0.0
7	257	8.5
8	257	0.0
9	257	0.0
10	257	0.0
11	257	0.0
12	257	0.0
13	257	0.0
14	257	0.03
15	257	0.0
16	257	0.0
17	257	0.0
18	257	0.0
19	257	0.0
20	257	1.16
21	257	0.0
22	257	0.0
23	257	0.0
24	257	0.0
25	257	0.84
26	257	3.88
27	257	0.0
28	257	0.0
29	257	0.29
30	257	0.0
31	257	0.0